hotel,proveedor,fecha_inicio,fecha_fin,tipo_habitacion,tarifa_sencilla,tarifa_doble,tarifa_triple,tarifa_cuadruple,tarifa_primer_menor,tarifa_segundo_menor,tarifa_junior,habitaciones_disponibles,observaciones,estado
AZUL GRAND,Para Compartir,2026-02-27,2026-03-01,Estándar,4199.0,2999.0,2799.0,,699.0,,,,,Activo
AZUL GRAND,Para Compartir,2026-03-01,2026-03-03,Estándar,4199.0,2999.0,2799.0,,0.0,,,,DESAYUNO A LA LLEGADA,Activo
AZUL GRAND,Para Compartir,2026-03-06,2026-03-08,Estándar,4199.0,2999.0,2799.0,,699.0,,,,,Activo
AZUL GRAND,Para Compartir,2026-03-13,2026-03-15,Estándar,4599.0,3299.0,3082.0,,699.0,,,,,Activo
AZUL GRAND,Para Compartir,2026-03-20,2026-03-22,Estándar,4199.0,2999.0,2799.0,,699.0,,,,,Activo
AZUL GRAND,Para Compartir,2026-03-27,2026-03-29,Estándar,4199.0,2999.0,2799.0,,699.0,,,,,Activo
AZUL GRAND,Para Compartir,2026-04-26,2026-04-28,Estándar,4199.0,2999.0,2799.0,,0.0,,,,DESAYUNO A LA LLEGADA,Activo
AZUL GRAND,Para Compartir,2026-05-03,2026-05-05,Estándar,4199.0,2999.0,2799.0,,0.0,,,,DESAYUNO A LA LLEGADA,Activo
AZUL GRAND,Para Compartir,2026-05-08,2026-05-10,Estándar,4599.0,3299.0,3082.0,,699.0,,,,,Activo
AZUL GRAND,Para Compartir,2026-05-15,2026-05-17,Estándar,4599.0,3299.0,3082.0,,699.0,,,,,Activo
AZUL GRAND,Para Compartir,2026-05-17,2026-05-19,Estándar,4199.0,2999.0,2799.0,,0.0,,,,DESAYUNO A LA LLEGADA,Activo
AZUL GRAND,Para Compartir,2026-05-24,2026-05-26,Estándar,4199.0,2999.0,2799.0,,0.0,,,,DESAYUNO A LA LLEGADA,Activo
AZUL GRAND,Para Compartir,2026-06-07,2026-06-09,Estándar,4199.0,2999.0,2799.0,,0.0,,,,DESAYUNO A LA LLEGADA,Activo
AZUL GRAND,Para Compartir,2026-06-14,2026-06-16,Estándar,4199.0,2999.0,2799.0,,0.0,,,,DESAYUNO A LA LLEGADA,Activo
AZUL GRAND,Para Compartir,2026-06-19,2026-06-21,Estándar,4199.0,2999.0,2799.0,,699.0,,,,,Activo
AZUL GRAND,Para Compartir,2026-06-28,2026-06-30,Estándar,4199.0,2999.0,2799.0,,0.0,,,,DESAYUNO A LA LLEGADA,Activo
AZUL GRAND,Para Compartir,2026-07-03,2026-07-05,Estándar,4199.0,2999.0,2799.0,,699.0,,,,,Activo
AZUL GRAND,Para Compartir,2026-07-05,2026-07-07,Estándar,4199.0,2999.0,2799.0,,0.0,,,,DESAYUNO A LA LLEGADA,Activo
AZUL GRAND,Para Compartir,2026-07-10,2026-07-12,Estándar,4599.0,3299.0,3082.0,,699.0,,,,,Activo
AZUL GRAND,Para Compartir,2026-07-12,2026-07-14,Estándar,4599.0,3299.0,3082.0,,0.0,,,,DESAYUNO A LA LLEGADA,Activo
AZUL GRAND,Para Compartir,2026-07-17,2026-07-19,Estándar,4599.0,3299.0,3082.0,,699.0,,,,,Activo
AZUL GRAND,Para Compartir,2026-07-19,2026-07-21,Estándar,4599.0,3299.0,3082.0,,0.0,,,,DESAYUNO A LA LLEGADA,Activo
AZUL GRAND,Para Compartir,2026-07-24,2026-07-26,Estándar,4599.0,3299.0,3082.0,,699.0,,,,,Activo
AZUL GRAND,Para Compartir,2026-07-26,2026-07-28,Estándar,4599.0,3299.0,3082.0,,0.0,,,,DESAYUNO A LA LLEGADA,Activo
AZUL GRAND,Para Compartir,2026-07-31,2026-08-02,Estándar,4599.0,3299.0,3082.0,,699.0,,,,,Activo
AZUL GRAND,Para Compartir,2026-08-02,2026-08-04,Estándar,4599.0,3299.0,3082.0,,0.0,,,,DESAYUNO A LA LLEGADA,Activo
AZUL GRAND,Para Compartir,2026-08-07,2026-08-09,Estándar,4599.0,3299.0,3082.0,,699.0,,,,,Activo
AZUL GRAND,Para Compartir,2026-08-09,2026-08-11,Estándar,4599.0,3299.0,3082.0,,0.0,,,,DESAYUNO A LA LLEGADA,Activo
AZUL GRAND,Para Compartir,2026-08-14,2026-08-16,Estándar,4599.0,3299.0,3082.0,,699.0,,,,,Activo
AZUL GRAND,Para Compartir,2026-08-16,2026-08-18,Estándar,4599.0,3299.0,3082.0,,0.0,,,,DESAYUNO A LA LLEGADA,Activo
AZUL GRAND,Para Compartir,2026-08-21,2026-08-23,Estándar,4599.0,3299.0,3082.0,,699.0,,,,,Activo
AZUL GRAND,Para Compartir,2026-09-04,2026-09-06,Estándar,4199.0,2999.0,2799.0,,699.0,,,,,Activo
AZUL GRAND,Para Compartir,2026-09-06,2026-09-08,Estándar,4199.0,2999.0,2799.0,,0.0,,,,DESAYUNO A LA LLEGADA,Activo
AZUL GRAND,Para Compartir,2026-09-11,2026-09-13,Estándar,4199.0,2999.0,2799.0,,699.0,,,,,Activo
AZUL GRAND,Para Compartir,2026-09-13,2026-09-15,Estándar,4599.0,3299.0,3082.0,,0.0,,,,DESAYUNO A LA LLEGADA,Activo
AZUL GRAND,Para Compartir,2026-09-18,2026-09-20,Estándar,4199.0,2999.0,2799.0,,699.0,,,,,Activo
AZUL GRAND,Para Compartir,2026-09-20,2026-09-22,Estándar,4199.0,2999.0,2799.0,,0.0,,,,DESAYUNO A LA LLEGADA,Activo
AZUL GRAND,Para Compartir,2026-09-25,2026-09-27,Estándar,4199.0,2999.0,2799.0,,699.0,,,,,Activo
AZUL GRAND,Para Compartir,2026-09-27,2026-09-29,Estándar,4199.0,2999.0,2799.0,,0.0,,,,DESAYUNO A LA LLEGADA,Activo
AZUL GRAND,Para Compartir,2026-10-02,2026-10-04,Estándar,4199.0,2999.0,2799.0,,699.0,,,,,Activo
AZUL GRAND,Para Compartir,2026-10-04,2026-10-06,Estándar,4199.0,2999.0,2799.0,,0.0,,,,DESAYUNO A LA LLEGADA,Activo
AZUL GRAND,Para Compartir,2026-10-09,2026-10-11,Estándar,4199.0,2999.0,2799.0,,699.0,,,,,Activo
AZUL GRAND,Para Compartir,2026-10-11,2026-10-13,Estándar,4199.0,2999.0,2799.0,,0.0,,,,DESAYUNO A LA LLEGADA,Activo
AZUL GRAND,Para Compartir,2026-10-18,2026-10-20,Estándar,4199.0,2999.0,2799.0,,0.0,,,,DESAYUNO A LA LLEGADA,Activo
AZUL GRAND,Para Compartir,2026-10-23,2026-10-25,Estándar,4199.0,2999.0,2799.0,,699.0,,,,,Activo
AZUL GRAND,Para Compartir,2026-10-25,2026-10-27,Estándar,4199.0,2999.0,2799.0,,0.0,,,,DESAYUNO A LA LLEGADA,Activo
AZUL GRAND,Para Compartir,2026-10-30,2026-11-01,Estándar,4599.0,3299.0,3082.0,,699.0,,,,,Activo
AZUL GRAND,Para Compartir,2026-11-06,2026-11-08,Estándar,4199.0,2999.0,2799.0,,699.0,,,,,Activo
AZUL GRAND,Para Compartir,2026-11-08,2026-11-10,Estándar,4199.0,2999.0,2799.0,,0.0,,,,DESAYUNO A LA LLEGADA,Activo
AZUL GRAND,Para Compartir,2026-11-13,2026-11-15,Estándar,4599.0,3299.0,3082.0,,699.0,,,,,Activo
AZUL GRAND,Para Compartir,2026-11-20,2026-11-22,Estándar,4199.0,2999.0,2799.0,,699.0,,,,,Activo
AZUL GRAND,Para Compartir,2026-11-22,2026-11-24,Estándar,4199.0,2999.0,2799.0,,0.0,,,,DESAYUNO A LA LLEGADA,Activo
AZUL GRAND,Para Compartir,2026-11-27,2026-11-29,Estándar,4199.0,2999.0,2799.0,,699.0,,,,,Activo
AZUL GRAND,Para Compartir,2026-11-29,2026-12-01,Estándar,4199.0,2999.0,2799.0,,0.0,,,,DESAYUNO A LA LLEGADA,Activo
AZUL GRAND,Para Compartir,2026-12-04,2026-12-06,Estándar,4199.0,2999.0,2799.0,,699.0,,,,,Activo
AZUL GRAND,Para Compartir,2026-12-11,2026-12-13,Estándar,4599.0,3299.0,3082.0,,699.0,,,,,Activo
AZUL GRAND,Para Compartir,2026-12-13,2026-12-15,Estándar,4599.0,3299.0,3082.0,,0.0,,,,DESAYUNO A LA LLEGADA,Activo
AZUL GRAND,Para Compartir,2026-12-18,2026-12-20,Estándar,4599.0,3299.0,3082.0,,699.0,,,,,Activo
AZUL IXTAPA,Para Compartir,2026-02-20,2026-02-22,Estándar,3649.0,2599.0,2432.0,,599.0,,,,CONFIRMACION INMEDIATA,Activo
AZUL IXTAPA,Para Compartir,2026-02-22,2026-02-24,Estándar,3649.0,2599.0,2432.0,,0.0,,,,DESAYUNO A LA LLEGADA,Activo
AZUL IXTAPA,Para Compartir,2026-02-27,2026-03-01,Estándar,3649.0,2599.0,2432.0,,599.0,,,,,Activo
AZUL IXTAPA,Para Compartir,2026-03-01,2026-03-03,Estándar,3649.0,2599.0,2432.0,,0.0,,,,DESAYUNO A LA LLEGADA,Activo
AZUL IXTAPA,Para Compartir,2026-03-06,2026-03-08,Estándar,3649.0,2599.0,2432.0,,599.0,,,,,Activo
AZUL IXTAPA,Para Compartir,2026-03-13,2026-03-15,Estándar,4049.0,2899.0,2699.0,,599.0,,,,,Activo
AZUL IXTAPA,Para Compartir,2026-03-20,2026-03-22,Estándar,3649.0,2599.0,2432.0,,599.0,,,,,Activo
AZUL IXTAPA,Para Compartir,2026-03-27,2026-03-29,Estándar,3649.0,2599.0,2432.0,,599.0,,,,,Activo
AZUL IXTAPA,Para Compartir,2026-04-02,2026-04-05,Estándar,5649.0,4049.0,3782.0,,999.0,,,,,Activo
AZUL IXTAPA,Para Compartir,2026-04-10,2026-04-12,Estándar,4049.0,2899.0,2699.0,,599.0,,,,,Activo
AZUL IXTAPA,Para Compartir,2026-04-12,2026-04-14,Estándar,3649.0,2599.0,2432.0,,0.0,,,,DESAYUNO A LA LLEGADA,Activo
AZUL IXTAPA,Para Compartir,2026-04-17,2026-04-19,Estándar,3649.0,2599.0,2432.0,,599.0,,,,,Activo
AZUL IXTAPA,Para Compartir,2026-04-19,2026-04-21,Estándar,3649.0,2599.0,2432.0,,0.0,,,,DESAYUNO A LA LLEGADA,Activo
AZUL IXTAPA,Para Compartir,2026-04-24,2026-04-26,Estándar,3649.0,2599.0,2432.0,,599.0,,,,,Activo
AZUL IXTAPA,Para Compartir,2026-04-26,2026-04-28,Estándar,3649.0,2599.0,2432.0,,0.0,,,,DESAYUNO A LA LLEGADA,Activo
AZUL IXTAPA,Para Compartir,2026-05-08,2026-05-10,Estándar,4049.0,2899.0,2699.0,,599.0,,,,,Activo
AZUL IXTAPA,Para Compartir,2026-05-15,2026-05-17,Estándar,4049.0,2899.0,2699.0,,599.0,,,,,Activo
AZUL IXTAPA,Para Compartir,2026-05-22,2026-05-24,Estándar,3649.0,2599.0,2432.0,,599.0,,,,,Activo
AZUL IXTAPA,Para Compartir,2026-06-05,2026-06-07,Estándar,3649.0,2599.0,2432.0,,599.0,,,,,Activo
AZUL IXTAPA,Para Compartir,2026-06-07,2026-06-09,Estándar,3649.0,2599.0,2432.0,,0.0,,,,DESAYUNO A LA LLEGADA,Activo
AZUL IXTAPA,Para Compartir,2026-06-12,2026-06-14,Estándar,3649.0,2599.0,2432.0,,599.0,,,,,Activo
AZUL IXTAPA,Para Compartir,2026-06-14,2026-06-16,Estándar,3649.0,2599.0,2432.0,,0.0,,,,DESAYUNO A LA LLEGADA,Activo
AZUL IXTAPA,Para Compartir,2026-06-19,2026-06-21,Estándar,4049.0,2899.0,2699.0,,599.0,,,,,Activo
AZUL IXTAPA,Para Compartir,2026-06-26,2026-06-28,Estándar,3649.0,2599.0,2432.0,,599.0,,,,,Activo
AZUL IXTAPA,Para Compartir,2026-07-03,2026-07-05,Estándar,3649.0,2599.0,2432.0,,599.0,,,,,Activo
AZUL IXTAPA,Para Compartir,2026-07-10,2026-07-12,Estándar,4049.0,2899.0,2699.0,,599.0,,,,,Activo
AZUL IXTAPA,Para Compartir,2026-07-12,2026-07-14,Estándar,4049.0,2899.0,2699.0,,0.0,,,,DESAYUNO A LA LLEGADA,Activo
AZUL IXTAPA,Para Compartir,2026-07-17,2026-07-19,Estándar,4049.0,2899.0,2699.0,,599.0,,,,,Activo
AZUL IXTAPA,Para Compartir,2026-07-19,2026-07-21,Estándar,4049.0,2899.0,2699.0,,0.0,,,,DESAYUNO A LA LLEGADA,Activo
AZUL IXTAPA,Para Compartir,2026-07-24,2026-07-26,Estándar,4049.0,2899.0,2699.0,,599.0,,,,,Activo
AZUL IXTAPA,Para Compartir,2026-07-26,2026-07-28,Estándar,4049.0,2899.0,2699.0,,0.0,,,,DESAYUNO A LA LLEGADA,Activo
AZUL IXTAPA,Para Compartir,2026-07-31,2026-08-02,Estándar,4049.0,2899.0,2699.0,,599.0,,,,,Activo
AZUL IXTAPA,Para Compartir,2026-08-07,2026-08-09,Estándar,4049.0,2899.0,2699.0,,599.0,,,,,Activo
AZUL IXTAPA,Para Compartir,2026-08-09,2026-08-11,Estándar,4049.0,2899.0,2699.0,,0.0,,,,DESAYUNO A LA LLEGADA,Activo
AZUL IXTAPA,Para Compartir,2026-08-14,2026-08-16,Estándar,4049.0,2899.0,2699.0,,599.0,,,,,Activo
AZUL IXTAPA,Para Compartir,2026-08-16,2026-08-18,Estándar,4049.0,2899.0,2699.0,,0.0,,,,DESAYUNO A LA LLEGADA,Activo
AZUL IXTAPA,Para Compartir,2026-08-21,2026-08-23,Estándar,4049.0,2899.0,2699.0,,599.0,,,,,Activo
AZUL IXTAPA,Para Compartir,2026-09-04,2026-09-06,Estándar,3649.0,2599.0,2432.0,,599.0,,,,,Activo
AZUL IXTAPA,Para Compartir,2026-09-06,2026-09-08,Estándar,3649.0,2599.0,2432.0,,0.0,,,,DESAYUNO A LA LLEGADA,Activo
AZUL IXTAPA,Para Compartir,2026-09-11,2026-09-13,Estándar,3649.0,2599.0,2432.0,,599.0,,,,,Activo
AZUL IXTAPA,Para Compartir,2026-09-13,2026-09-15,Estándar,3649.0,2599.0,2432.0,,0.0,,,,DESAYUNO A LA LLEGADA,Activo
AZUL IXTAPA,Para Compartir,2026-09-18,2026-09-20,Estándar,3649.0,2599.0,2432.0,,599.0,,,,,Activo
AZUL IXTAPA,Para Compartir,2026-09-25,2026-09-27,Estándar,3649.0,2599.0,2432.0,,599.0,,,,,Activo
AZUL IXTAPA,Para Compartir,2026-09-27,2026-09-29,Estándar,3649.0,2599.0,2432.0,,0.0,,,,DESAYUNO A LA LLEGADA,Activo
AZUL IXTAPA,Para Compartir,2026-10-02,2026-10-04,Estándar,3649.0,2599.0,2432.0,,599.0,,,,,Activo
AZUL IXTAPA,Para Compartir,2026-10-04,2026-10-06,Estándar,3649.0,2599.0,2432.0,,0.0,,,,DESAYUNO A LA LLEGADA,Activo
AZUL IXTAPA,Para Compartir,2026-10-09,2026-10-11,Estándar,3649.0,2599.0,2432.0,,599.0,,,,,Activo
AZUL IXTAPA,Para Compartir,2026-10-11,2026-10-13,Estándar,3649.0,2599.0,2432.0,,0.0,,,,DESAYUNO A LA LLEGADA,Activo
AZUL IXTAPA,Para Compartir,2026-10-16,2026-10-18,Estándar,3649.0,2599.0,2432.0,,599.0,,,,,Activo
AZUL IXTAPA,Para Compartir,2026-10-18,2026-10-20,Estándar,3649.0,2599.0,2432.0,,0.0,,,,DESAYUNO A LA LLEGADA,Activo
AZUL IXTAPA,Para Compartir,2026-10-23,2026-10-25,Estándar,3649.0,2599.0,2432.0,,599.0,,,,,Activo
AZUL IXTAPA,Para Compartir,2026-10-25,2026-10-27,Estándar,3649.0,2599.0,2432.0,,0.0,,,,DESAYUNO A LA LLEGADA,Activo
AZUL IXTAPA,Para Compartir,2026-10-30,2026-11-01,Estándar,4049.0,2899.0,2699.0,,599.0,,,,,Activo
AZUL IXTAPA,Para Compartir,2026-11-06,2026-11-08,Estándar,3649.0,2599.0,2432.0,,599.0,,,,,Activo
AZUL IXTAPA,Para Compartir,2026-11-08,2026-11-10,Estándar,3649.0,2599.0,2432.0,,0.0,,,,DESAYUNO A LA LLEGADA,Activo
AZUL IXTAPA,Para Compartir,2026-11-13,2026-11-15,Estándar,4049.0,2899.0,2699.0,,599.0,,,,,Activo
AZUL IXTAPA,Para Compartir,2026-11-20,2026-11-22,Estándar,3649.0,2599.0,2432.0,,599.0,,,,,Activo
AZUL IXTAPA,Para Compartir,2026-12-04,2026-12-06,Estándar,3649.0,2599.0,2432.0,,599.0,,,,,Activo
AZUL IXTAPA,Para Compartir,2026-12-06,2026-12-08,Estándar,3649.0,2599.0,2432.0,,0.0,,,,DESAYUNO A LA LLEGADA,Activo
AZUL IXTAPA,Para Compartir,2026-12-11,2026-12-13,Estándar,4049.0,2899.0,2699.0,,599.0,,,,,Activo
AZUL IXTAPA,Para Compartir,2026-12-13,2026-12-15,Estándar,4049.0,2899.0,2699.0,,0.0,,,,DESAYUNO A LA LLEGADA,Activo
AZUL IXTAPA,Para Compartir,2026-12-18,2026-12-20,Estándar,4049.0,2899.0,2699.0,,599.0,,,,,Activo
Allegro playacar,Pre-compras 2026,2026-05-15,2026-05-17,Superior,3038.0,1688.0,1575.0,,844.0,844.0,,16.0,"Anticipo $2,500 MXN no reembolsable. Liquidar 32 días antes. Comisionable 14%.",Activo
Allegro playacar,Pre-compras 2026,2026-06-12,2026-06-14,Superior,3038.0,1688.0,1575.0,,844.0,844.0,,10.0,"Anticipo $2,500 MXN no reembolsable. Liquidar 32 días antes. Comisionable 14%.",Activo
Allegro playacar,Pre-compras 2026,2026-06-26,2026-06-28,Superior,3038.0,1688.0,1575.0,,844.0,844.0,,11.0,"Anticipo $2,500 MXN no reembolsable. Liquidar 32 días antes. Comisionable 14%.",Activo
Allegro playacar,Pre-compras 2026,2026-07-17,2026-07-19,Superior,3375.0,1875.0,1750.0,,938.0,938.0,,16.0,"Anticipo $2,500 MXN no reembolsable. Liquidar 32 días antes. Comisionable 14%.",Activo
Allegro playacar,Pre-compras 2026,2026-07-24,2026-07-26,Superior,3375.0,1875.0,1750.0,,938.0,938.0,,10.0,"Anticipo $2,500 MXN no reembolsable. Liquidar 32 días antes. Comisionable 14%.",Activo
Allegro playacar,Pre-compras 2026,2026-07-31,2026-08-02,Superior,3375.0,1875.0,1750.0,,938.0,938.0,,15.0,"Anticipo $2,500 MXN no reembolsable. Liquidar 32 días antes. Comisionable 14%.",Activo
Allegro playacar,Pre-compras 2026,2026-08-28,2026-08-30,Superior,3038.0,1688.0,1575.0,,844.0,844.0,,20.0,"Anticipo $2,500 MXN no reembolsable. Liquidar 32 días antes. Comisionable 14%.",Activo
Allegro playacar,Pre-compras 2026,2026-09-04,2026-09-06,Superior,3038.0,1688.0,1575.0,,844.0,844.0,,11.0,"Anticipo $2,500 MXN no reembolsable. Liquidar 32 días antes. Comisionable 14%.",Activo
Allegro playacar,Pre-compras 2026,2026-09-11,2026-09-13,Superior,3038.0,1688.0,1575.0,,844.0,844.0,,11.0,"Anticipo $2,500 MXN no reembolsable. Liquidar 32 días antes. Comisionable 14%.",Activo
Allegro playacar,Pre-compras 2026,2026-09-25,2026-09-27,Superior,3038.0,1688.0,1575.0,,844.0,844.0,,11.0,"Anticipo $2,500 MXN no reembolsable. Liquidar 32 días antes. Comisionable 14%.",Activo
Allegro playacar,Pre-compras 2026,2026-10-09,2026-10-11,Superior,3038.0,1688.0,1575.0,,844.0,844.0,,11.0,"Anticipo $2,500 MXN no reembolsable. Liquidar 32 días antes. Comisionable 14%.",Activo
Allegro playacar,Pre-compras 2026,2026-10-30,2026-11-01,Superior,3038.0,1688.0,1575.0,,844.0,844.0,,20.0,"Anticipo $2,500 MXN no reembolsable. Liquidar 32 días antes. Comisionable 14%.",Activo
Allegro playacar,Pre-compras 2026,2026-11-14,2026-11-16,Superior,3375.0,1875.0,1750.0,,938.0,938.0,,16.0,"Anticipo $2,500 MXN no reembolsable. Liquidar 32 días antes. Comisionable 14%.",Activo
Allegro playacar,Pre-compras 2026,2026-12-04,2026-12-06,Superior,3375.0,1875.0,1750.0,,938.0,938.0,,11.0,"Anticipo $2,500 MXN no reembolsable. Liquidar 32 días antes. Comisionable 14%.",Activo
Allegro playacar,Pre-compras 2026,2026-12-18,2026-12-20,Superior,3375.0,1875.0,1750.0,,938.0,938.0,,11.0,"Anticipo $2,500 MXN no reembolsable. Liquidar 32 días antes. Comisionable 14%.",Activo
BARCELO IXTAPA,Para Compartir,2026-09-20,2026-09-22,Estándar,4590.0,2550.0,2380.0,2295.0,800.0,,,,DESAYUNO A LA LLEGADA,Activo
BARCELO IXTAPA,Para Compartir,2026-09-27,2026-09-29,Estándar,4590.0,2550.0,2380.0,2295.0,800.0,,,,DESAYUNO A LA LLEGADA,Activo
BARCELO IXTAPA,Para Compartir,2026-10-04,2026-10-06,Estándar,4590.0,2550.0,2380.0,2295.0,800.0,,,,DESAYUNO A LA LLEGADA,Activo
BARCELO IXTAPA,Para Compartir,2026-10-11,2026-10-13,Estándar,4590.0,2550.0,2380.0,2295.0,800.0,,,,DESAYUNO A LA LLEGADA,Activo
BRISAS IXTAPA,Para Compartir,2026-02-20,2026-02-22,Estándar,4313.0,2719.0,2404.0,2247.0,1125.0,,,,CONFIRMACION INMEDIATA,Activo
BRISAS IXTAPA,Para Compartir,2026-02-27,2026-03-01,Estándar,4313.0,2719.0,2404.0,2247.0,1125.0,,,,,Activo
BRISAS IXTAPA,Para Compartir,2026-03-06,2026-03-08,Estándar,4063.0,2594.0,2279.0,2153.0,1125.0,,,,,Activo
BRISAS IXTAPA,Para Compartir,2026-03-20,2026-03-22,Estándar,4063.0,2594.0,2279.0,2153.0,1125.0,,,,,Activo
BRISAS IXTAPA,Para Compartir,2026-03-22,2026-03-24,Estándar,3625.0,2375.0,2133.0,2044.0,0.0,,,,,Activo
BRISAS IXTAPA,Para Compartir,2026-03-27,2026-03-29,Estándar,4063.0,2594.0,2279.0,2153.0,1125.0,,,,,Activo
BRISAS IXTAPA,Para Compartir,2026-04-12,2026-04-14,Estándar,3625.0,2375.0,2133.0,2044.0,0.0,,,,,Activo
BRISAS IXTAPA,Para Compartir,2026-04-17,2026-04-19,Estándar,4063.0,2594.0,2279.0,2153.0,1125.0,,,,,Activo
BRISAS IXTAPA,Para Compartir,2026-04-24,2026-04-26,Estándar,4063.0,2594.0,2279.0,2153.0,1125.0,,,,,Activo
BRISAS IXTAPA,Para Compartir,2026-04-26,2026-04-28,Estándar,3625.0,2375.0,2133.0,2044.0,0.0,,,,,Activo
BRISAS IXTAPA,Para Compartir,2026-05-03,2026-05-05,Estándar,3625.0,2375.0,2133.0,2044.0,0.0,,,,,Activo
BRISAS IXTAPA,Para Compartir,2026-05-08,2026-05-10,Estándar,4063.0,2594.0,2279.0,2153.0,1125.0,,,,,Activo
BRISAS IXTAPA,Para Compartir,2026-05-10,2026-05-12,Estándar,3625.0,2375.0,2133.0,2044.0,0.0,,,,,Activo
BRISAS IXTAPA,Para Compartir,2026-05-15,2026-05-17,Estándar,4063.0,2594.0,2279.0,2153.0,1125.0,,,,,Activo
BRISAS IXTAPA,Para Compartir,2026-05-17,2026-05-19,Estándar,3625.0,2375.0,2133.0,2043.0,0.0,,,,,Activo
BRISAS IXTAPA,Para Compartir,2026-05-22,2026-05-24,Estándar,4063.0,2594.0,2279.0,2153.0,1125.0,,,,,Activo
BRISAS IXTAPA,Para Compartir,2026-05-24,2026-05-26,Estándar,3625.0,2375.0,2133.0,2044.0,0.0,,,,,Activo
BRISAS IXTAPA,Para Compartir,2026-05-29,2026-05-31,Estándar,4063.0,2594.0,2279.0,2153.0,1125.0,,,,,Activo
BRISAS IXTAPA,Para Compartir,2026-05-31,2026-06-02,Estándar,3625.0,2375.0,2133.0,2044.0,0.0,,,,,Activo
BRISAS IXTAPA,Para Compartir,2026-06-05,2026-06-07,Estándar,4063.0,2594.0,2279.0,2153.0,1125.0,,,,,Activo
BRISAS IXTAPA,Para Compartir,2026-06-12,2026-06-14,Estándar,3625.0,2375.0,2133.0,2044.0,1125.0,,,,,Activo
BRISAS IXTAPA,Para Compartir,2026-06-14,2026-06-16,Estándar,3625.0,2375.0,2133.0,2044.0,0.0,,,,,Activo
BRISAS IXTAPA,Para Compartir,2026-06-19,2026-06-21,Estándar,4063.0,2594.0,2279.0,2153.0,1125.0,,,,,Activo
BRISAS IXTAPA,Para Compartir,2026-06-26,2026-06-28,Estándar,4063.0,2594.0,2279.0,2153.0,1125.0,,,,,Activo
BRISAS IXTAPA,Para Compartir,2026-06-28,2026-06-30,Estándar,3625.0,2375.0,2133.0,2044.0,0.0,,,,,Activo
BRISAS IXTAPA,Para Compartir,2026-07-03,2026-07-05,Estándar,4313.0,2719.0,2404.0,2247.0,1125.0,,,,,Activo
BRISAS IXTAPA,Para Compartir,2026-07-05,2026-07-07,Estándar,3875.0,2500.0,2258.0,2138.0,0.0,,,,,Activo
BRISAS IXTAPA,Para Compartir,2026-07-10,2026-07-12,Estándar,4313.0,2719.0,2404.0,2247.0,1125.0,,,,,Activo
BRISAS IXTAPA,Para Compartir,2026-07-12,2026-07-14,Estándar,3875.0,2500.0,2258.0,2138.0,0.0,,,,,Activo
BRISAS IXTAPA,Para Compartir,2026-07-17,2026-07-19,Estándar,4313.0,2719.0,2404.0,2247.0,1125.0,,,,,Activo
BRISAS IXTAPA,Para Compartir,2026-07-24,2026-07-26,Estándar,4313.0,2719.0,2404.0,2247.0,1125.0,,,,,Activo
BRISAS IXTAPA,Para Compartir,2026-07-31,2026-08-02,Estándar,4313.0,2719.0,2404.0,2247.0,1125.0,,,,,Activo
BRISAS IXTAPA,Para Compartir,2026-08-07,2026-08-09,Estándar,4313.0,2719.0,2404.0,2247.0,1125.0,,,,,Activo
BRISAS IXTAPA,Para Compartir,2026-08-09,2026-08-11,Estándar,3875.0,2500.0,2258.0,2138.0,0.0,,,,,Activo
BRISAS IXTAPA,Para Compartir,2026-08-14,2026-08-16,Estándar,4313.0,2719.0,2404.0,2247.0,1125.0,,,,,Activo
BRISAS IXTAPA,Para Compartir,2026-08-21,2026-08-23,Estándar,4313.0,2719.0,2404.0,2247.0,1125.0,,,,,Activo
BRISAS IXTAPA,Para Compartir,2026-08-28,2026-08-30,Estándar,4313.0,2719.0,2404.0,2247.0,1125.0,,,,,Activo
BRISAS IXTAPA,Para Compartir,2026-09-18,2026-09-20,Estándar,4063.0,2594.0,2279.0,2153.0,1125.0,,,,,Activo
BRISAS IXTAPA,Para Compartir,2026-09-20,2026-09-22,Estándar,3625.0,2375.0,2133.0,2044.0,0.0,,,,,Activo
BRISAS IXTAPA,Para Compartir,2026-09-25,2026-09-27,Estándar,4063.0,2594.0,2279.0,2153.0,1125.0,,,,,Activo
BRISAS IXTAPA,Para Compartir,2026-09-27,2026-09-29,Estándar,3625.0,2375.0,2133.0,2044.0,0.0,,,,,Activo
BRISAS IXTAPA,Para Compartir,2026-10-04,2026-10-06,Estándar,3625.0,2375.0,2133.0,2044.0,0.0,,,,,Activo
BRISAS IXTAPA,Para Compartir,2026-10-16,2026-10-18,Estándar,4063.0,2594.0,2279.0,2153.0,1125.0,,,,,Activo
BRISAS IXTAPA,Para Compartir,2026-10-23,2026-10-25,Estándar,4063.0,2594.0,2279.0,2153.0,1125.0,,,,,Activo
BRISAS IXTAPA,Para Compartir,2026-10-25,2026-10-27,Estándar,3625.0,2375.0,2133.0,2044.0,0.0,,,,,Activo
BRISAS IXTAPA,Para Compartir,2026-11-01,2026-11-03,Estándar,3875.0,2500.0,2258.0,2138.0,0.0,,,,,Activo
BRISAS IXTAPA,Para Compartir,2026-11-06,2026-11-08,Estándar,4313.0,2719.0,2404.0,2247.0,1125.0,,,,,Activo
BRISAS IXTAPA,Para Compartir,2026-11-13,2026-11-15,Estándar,4313.0,2719.0,2404.0,2247.0,1125.0,,,,,Activo
BRISAS IXTAPA,Para Compartir,2026-11-15,2026-11-17,Estándar,3875.0,2500.0,2258.0,2138.0,0.0,,,,,Activo
BRISAS IXTAPA,Para Compartir,2026-11-20,2026-11-22,Estándar,4313.0,2719.0,2404.0,2247.0,1125.0,,,,,Activo
BRISAS IXTAPA,Para Compartir,2026-11-22,2026-11-24,Estándar,3875.0,2500.0,2258.0,2138.0,0.0,,,,,Activo
BRISAS IXTAPA,Para Compartir,2026-11-27,2026-11-29,Estándar,4313.0,2719.0,2404.0,2247.0,1125.0,,,,,Activo
BRISAS IXTAPA,Para Compartir,2026-11-29,2026-12-01,Estándar,3875.0,2500.0,2258.0,2138.0,0.0,,,,,Activo
BRISAS IXTAPA,Para Compartir,2026-12-04,2026-12-06,Estándar,4313.0,2719.0,2404.0,2247.0,1125.0,,,,,Activo
BRISAS IXTAPA,Para Compartir,2026-12-11,2026-12-13,Estándar,4313.0,2719.0,2404.0,2247.0,1125.0,,,,,Activo
BRISAS IXTAPA,Para Compartir,2026-12-13,2026-12-15,Estándar,3875.0,2500.0,2258.0,2138.0,0.0,,,,,Activo
Bahia Principe Grand Coba,Pre-compras 2026,2026-06-11,2026-06-14,Junior Suite,2547.0,1697.85,1612.95,,GRATIS,849.01,na,9.0,"Precompra - Anticipo $2,500 MXN no reembolsable",Activo
Bahia Principe Grand Coba,Pre-compras 2026,2026-07-09,2026-07-12,Junior Suite ,3012.32,2008.21,1907.8,, GRATIS,1004.21,na,9.0,"Precompra - Anticipo $2,500 MXN no reembolsable",Activo
Bahia Principe Grand Coba,Pre-compras 2026,2026-07-16,2026-07-19,Junior Suite ,3012.32,2008.21,1907.8,, GRATIS,1004.21,na,9.0,"Precompra - Anticipo $2,500 MXN no reembolsable",Activo
Bahia Principe Grand Coba,Pre-compras 2026,2026-08-06,2026-08-09,Junior Suite Superior,3265.0,2177.0,2068.0,,0.0,1088.0,,20.0,"Anticipo $2,500 MXN no reembolsable. Liquidar 32 días antes. Comisionable 14%.",Activo
Bahia Principe Grand Coba,Pre-compras 2026,2026-09-03,2026-09-06,Junior Suite Superior,2642.0,1761.0,1673.0,,0.0,881.0,,5.0,"Anticipo $2,500 MXN no reembolsable. Liquidar 32 días antes. Comisionable 14%.",Activo
Bahia Principe Grand Coba,Pre-compras 2026,2026-09-10,2026-09-13,Junior Suite Superior,2642.0,1761.0,1673.0,,0.0,881.0,,20.0,"Anticipo $2,500 MXN no reembolsable. Liquidar 32 días antes. Comisionable 14%.",Activo
Bahia Principe Grand Coba,Pre-compras 2026,2026-10-08,2026-10-11,Junior Suite,2378.0,1585.0,1506.0,,GRATIS,792.67,na,1.0,"Precompra - Anticipo $2,500 MXN no reembolsable",Activo
Bahia Principe Grand Coba,Pre-compras 2026,2026-10-15,2026-10-18,Junior Suite Superior,2642.0,1761.0,1673.0,,0.0,881.0,,20.0,"Anticipo $2,500 MXN no reembolsable. Liquidar 32 días antes. Comisionable 14%.",Activo
Barcelo Maya Grand ,Pre-compras 2026,2026-05-29,2026-05-31,Superior Room,4658.0,2911.0,2717.0,,1456,1456,na,10.0,"Precompra - Anticipo $2,500 MXN no reembolsable",Activo
Barcelo Puerto Vallarta,Pre-compras 2026,2026-08-27,2026-08-30,Suite Deluxe,3080.0,2200.0,2054.0,,1100.0,1100.0,1430.0,21.0,"Anticipo $2,500 MXN no reembolsable. Liquidar 32 días antes. Comisionable 14%.",Activo
Barcelo Puerto Vallarta,Pre-compras 2026,2026-09-03,2026-09-06,Suite Deluxe	,3080.0,2200.0,2053.33,,1100,1100,1430,21.0,"Precompra - Anticipo $2,500 MXN no reembolsable",Activo
Barcelo Puerto Vallarta,Pre-compras 2026,2026-09-17,2026-09-20,Suite Deluxe,3080.0,2200.0,2054.0,,1100.0,1100.0,1430.0,20.0,"Anticipo $2,500 MXN no reembolsable. Liquidar 32 días antes. Comisionable 14%.",Activo
Barcelo Puerto Vallarta,Pre-compras 2026,2026-09-24,2026-09-27,Suite Deluxe,3080.0,2200.0,2054.0,,1100.0,1100.0,1430.0,21.0,"Anticipo $2,500 MXN no reembolsable. Liquidar 32 días antes. Comisionable 14%.",Activo
Barcelo Puerto Vallarta,Pre-compras 2026,2026-10-01,2026-10-04,Suite Deluxe,3080.0,2200.0,2054.0,,1100.0,1100.0,1430.0,20.0,"Anticipo $2,500 MXN no reembolsable. Liquidar 32 días antes. Comisionable 14%.",Activo
Barcelo Puerto Vallarta,Pre-compras 2026,2026-10-08,2026-10-11,Suite Deluxe,3080.0,2200.0,2054.0,,1100.0,1100.0,1430.0,20.0,"Anticipo $2,500 MXN no reembolsable. Liquidar 32 días antes. Comisionable 14%.",Activo
Barcelo Puerto Vallarta,Pre-compras 2026,2026-10-08,2026-10-11,Suite Deluxe	,3080.0,2200.0,2054.0,,1100,1100,1430,20.0,"Precompra - Anticipo $2,500 MXN no reembolsable",Activo
Barcelo Puerto Vallarta,Pre-compras 2026,2026-10-15,2026-10-18,Suite Deluxe,3080.0,2200.0,2054.0,,1100.0,1100.0,1430.0,20.0,"Anticipo $2,500 MXN no reembolsable. Liquidar 32 días antes. Comisionable 14%.",Activo
Barcelo Puerto Vallarta,Pre-compras 2026,2026-10-29,2026-11-01,Suite Deluxe,3080.0,2200.0,2054.0,,1100.0,1100.0,1430.0,21.0,"Anticipo $2,500 MXN no reembolsable. Liquidar 32 días antes. Comisionable 14%.",Activo
Brisas Huatulco,Pre-compras 2026,2026-10-30,2026-11-01,De lujo,4790.0,2986.0,2679.0,,938.0,938.0,,20.0,"Anticipo $2,500 MXN no reembolsable. Liquidar 32 días antes. Comisionable 14%.",Activo
Brisas Huatulco,Pre-compras 2026,2026-12-11,2026-12-13,De lujo,5089.0,3135.0,2778.0,,938.0,938.0,,20.0,"Anticipo $2,500 MXN no reembolsable. Liquidar 32 días antes. Comisionable 14%.",Activo
Brisas Huatulco,Pre-compras 2026,2026-12-18,2026-12-20,De lujo,5089.0,3135.0,2778.0,,938.0,938.0,,20.0,"Anticipo $2,500 MXN no reembolsable. Liquidar 32 días antes. Comisionable 14%.",Activo
Brisas Huatulco ,Pre-compras 2026,2026-10-30,2026-11-01,De lujo,4790.0,2986.0,2679.0,,938,938,na,20.0,"Precompra - Anticipo $2,500 MXN no reembolsable",Activo
Brisas Huatulco ,Pre-compras 2026,2026-12-11,2026-12-13,De lujo,5089.0,3135.0,2778.0,,938,938,na,20.0,"Precompra - Anticipo $2,500 MXN no reembolsable",Activo
Brisas Huatulco ,Pre-compras 2026,2026-12-18,2026-12-20,De lujo,5089.0,3135.0,2778.0,,938,938,na,20.0,"Precompra - Anticipo $2,500 MXN no reembolsable",Activo
Castillo Huatulco,Pre-compras 2026,2026-05-01,2026-05-03,Estándar,2361.03,1567.53,1567.96,,0.0,0.0,,20.0,"Anticipo $2,500 MXN no reembolsable. Liquidar 32 días antes. Comisionable 14%.",Activo
Castillo Huatulco,Pre-compras 2026,2026-05-08,2026-05-10,Estándar,2361.03,1567.53,1567.96,,0.0,0.0,,20.0,"Anticipo $2,500 MXN no reembolsable. Liquidar 32 días antes. Comisionable 14%.",Activo
Castillo Huatulco,Pre-compras 2026,2026-07-24,2026-07-26,Estándar,2361.03,1567.53,1567.96,,0.0,0.0,,20.0,"Anticipo $2,500 MXN no reembolsable. Liquidar 32 días antes. Comisionable 14%.",Activo
Castillo Huatulco,Pre-compras 2026,2026-08-07,2026-08-09,Estándar,2361.03,1567.53,1567.96,,0.0,0.0,,20.0,"Anticipo $2,500 MXN no reembolsable. Liquidar 32 días antes. Comisionable 14%.",Activo
Castillo Huatulco,Pre-compras 2026,2026-09-11,2026-09-13,Estándar,2361.03,1567.53,1567.96,,0.0,0.0,,20.0,"Anticipo $2,500 MXN no reembolsable. Liquidar 32 días antes. Comisionable 14%.",Activo
Castillo Huatulco,Pre-compras 2026,2026-10-30,2026-11-01,Estándar,2361.03,1567.53,1567.96,,0.0,0.0,,20.0,"Anticipo $2,500 MXN no reembolsable. Liquidar 32 días antes. Comisionable 14%.",Activo
Castillo Huatulco,Pre-compras 2026,2026-11-13,2026-11-15,Estándar,2361.03,1567.53,1567.96,,0.0,0.0,,10.0,"Anticipo $2,500 MXN no reembolsable. Liquidar 32 días antes. Comisionable 14%.",Activo
Castillo Huatulco,Pre-compras 2026,2026-12-11,2026-12-13,Estándar,2361.03,1567.53,1567.96,,0.0,0.0,,20.0,"Anticipo $2,500 MXN no reembolsable. Liquidar 32 días antes. Comisionable 14%.",Activo
Castillo Huatulco,Pre-compras 2026,2026-12-18,2026-12-20,Estándar,2361.03,1567.53,1567.96,,0.0,0.0,,20.0,"Anticipo $2,500 MXN no reembolsable. Liquidar 32 días antes. Comisionable 14%.",Activo
Castillo Huatulco ,Pre-compras 2026,2026-05-08,2026-05-10,Estándar ,2361.03,1567.53,1567.96,,GRATIS,GRATIS,na,20.0,"Precompra - Anticipo $2,500 MXN no reembolsable",Activo
Castillo Huatulco ,Pre-compras 2026,2026-07-24,2026-07-26,Estándar ,2361.03,1567.53,1567.96,,GRATIS,GRATIS,na,2.0,"Precompra - Anticipo $2,500 MXN no reembolsable",Activo
Castillo Huatulco ,Pre-compras 2026,2026-08-07,2026-08-09,Estándar ,2361.03,1567.53,1567.96,,GRATIS,GRATIS,na,20.0,"Precompra - Anticipo $2,500 MXN no reembolsable",Activo
Castillo Huatulco ,Pre-compras 2026,2026-08-13,2026-08-16,Delujo vista al jardín,4760.0,2800.0,2613.0,,GRATIS,GRATIS,na,20.0,"Precompra - Anticipo $2,500 MXN no reembolsable",Activo
Castillo Huatulco ,Pre-compras 2026,2026-09-11,2026-09-13,Estándar ,2361.03,1567.53,1567.96,,GRATIS,GRATIS,na,20.0,"Precompra - Anticipo $2,500 MXN no reembolsable",Activo
Castillo Huatulco ,Pre-compras 2026,2026-10-30,2026-11-01,Estándar ,2361.03,1567.53,1567.96,,GRATIS,GRATIS,na,20.0,"Precompra - Anticipo $2,500 MXN no reembolsable",Activo
Castillo Huatulco ,Pre-compras 2026,2026-11-13,2026-11-15,Estándar ,2361.03,1567.53,1567.96,,GRATIS,GRATIS,na,10.0,"Precompra - Anticipo $2,500 MXN no reembolsable",Activo
Castillo Huatulco ,Pre-compras 2026,2026-12-11,2026-12-13,Estándar ,2361.03,1567.53,1567.96,,GRATIS,GRATIS,na,20.0,"Precompra - Anticipo $2,500 MXN no reembolsable",Activo
Castillo Huatulco ,Pre-compras 2026,2026-12-18,2026-12-20,Estándar ,2361.03,1567.53,1567.96,,GRATIS,GRATIS,na,20.0,"Precompra - Anticipo $2,500 MXN no reembolsable",Activo
Coral Blue Huatulco,Pre-compras 2026,2026-02-13,2026-02-15,Deluxe Doble Vista A La Reserva,3423.0,1711.5,1673.0,,0.0,0.0,,2.0,"Anticipo $2,500 MXN no reembolsable. Liquidar 32 días antes. Comisionable 14%.",Activo
Coral Blue Huatulco,Pre-compras 2026,2026-05-08,2026-05-10,Deluxe Doble Vista A La Reserva,3423.0,1711.5,1673.0,,0.0,0.0,,0.0,"Anticipo $2,500 MXN no reembolsable. Liquidar 32 días antes. Comisionable 14%.",Activo
Decameron Complex,Pre-compras 2026,2026-02-22,2026-02-25,Estandar,3854.0,2267.0,2267.0,,998,998,na,2.0,"Precompra - Anticipo $2,500 MXN no reembolsable",Activo
Dreams Huatulco,Pre-compras 2026,2026-04-24,2026-04-26,Deluxe Tropical View,5341.0,2968.0,2869.0,,1308.0,1308.0,,20.0,"Anticipo $2,500 MXN no reembolsable. Liquidar 32 días antes. Comisionable 14%.",Activo
Dreams Huatulco,Pre-compras 2026,2026-05-29,2026-05-31,Deluxe Tropical View,5341.0,2968.0,2869.0,,1308.0,1308.0,,20.0,"Anticipo $2,500 MXN no reembolsable. Liquidar 32 días antes. Comisionable 14%.",Activo
Dreams Huatulco,Pre-compras 2026,2026-09-18,2026-09-20,Deluxe Tropical View,4960.0,2755.0,2663.0,,1214.0,1214.0,,20.0,"Anticipo $2,500 MXN no reembolsable. Liquidar 32 días antes. Comisionable 14%.",Activo
Dreams Huatulco,Pre-compras 2026,2026-12-04,2026-12-06,Deluxe Tropical View,5208.0,2894.0,2797.0,,1274.0,1274.0,,16.0,"Anticipo $2,500 MXN no reembolsable. Liquidar 32 días antes. Comisionable 14%.",Activo
Dreams Huatulco,Pre-compras 2026,2026-12-18,2026-12-20,Deluxe Tropical View,5208.0,2894.0,2797.0,,1274.0,1274.0,,8.0,"Anticipo $2,500 MXN no reembolsable. Liquidar 32 días antes. Comisionable 14%.",Activo
Dreams Vista Cancun,Pre-compras 2026,2026-03-18,2026-03-22,Deluxe Ocean View,6278.0,3488.0,3446.0,,0.0,0.0,,8.0,"Anticipo $2,500 MXN no reembolsable. Liquidar 32 días antes. Comisionable 14%.",Activo
Dreams Vista Cancun,Pre-compras 2026,2026-04-22,2026-04-26,Deluxe Ocean View,5524.0,3069.0,3028.0,,0.0,0.0,,8.0,"Anticipo $2,500 MXN no reembolsable. Liquidar 32 días antes. Comisionable 14%.",Activo
Dreams Vista Cancun,Pre-compras 2026,2026-04-29,2026-05-03,Deluxe Ocean View,5524.0,3069.0,3028.0,,0.0,0.0,,9.0,"Anticipo $2,500 MXN no reembolsable. Liquidar 32 días antes. Comisionable 14%.",Activo
Dreams Vista Cancun,Pre-compras 2026,2026-09-09,2026-09-13,Deluxe Ocean View,4854.0,2696.0,2655.0,,0.0,0.0,,10.0,"Anticipo $2,500 MXN no reembolsable. Liquidar 32 días antes. Comisionable 14%.",Activo
EMPORIO IXTAPA,Para Compartir,2026-02-20,2026-02-22,Estándar,3223.0,2015.0,1900.0,,819.0,,,,CONFIRMACION INMEDIATA,Activo
EMPORIO IXTAPA,Para Compartir,2026-03-01,2026-03-03,Estándar,2874.0,1797.0,1754.0,,819.0,,,,"EARLY CHECK IN PARA USO DE INSTALACIONES, NO INCLUYE DESAYUNO(ENTREGAD DE HABITACIONES 15:00 HRS)",Activo
EMPORIO IXTAPA,Para Compartir,2026-03-13,2026-03-16,Estándar,3572.0,2233.0,2045.0,,819.0,,,,,Activo
EMPORIO IXTAPA,Para Compartir,2026-04-09,2026-04-12,Estándar,4270.0,2669.0,2336.0,,819.0,,,,,Activo
EMPORIO IXTAPA,Para Compartir,2026-04-16,2026-04-19,Estándar,3223.0,2015.0,1900.0,,819.0,,,,,Activo
EMPORIO IXTAPA,Para Compartir,2026-04-30,2026-05-03,Estándar,3572.0,2233.0,2045.0,,819.0,,,,,Activo
EMPORIO IXTAPA,Para Compartir,2026-05-08,2026-05-10,Estándar,3223.0,2015.0,1900.0,,819.0,,,,SUPLEMENTO OBLIGATORIO DIA DE LAS MADRES ADL $395 / MNRS $240,Activo
EMPORIO IXTAPA,Para Compartir,2026-05-17,2026-05-19,Estándar,3223.0,2015.0,1900.0,,819.0,,,,"EARLY CHECK IN PARA USO DE INSTALACIONES, NO INCLUYE DESAYUNO(ENTREGAD DE HABITACIONES 15:00 HRS)",Activo
EMPORIO IXTAPA,Para Compartir,2026-05-24,2026-05-26,Estándar,3223.0,2015.0,1900.0,,819.0,,,,"EARLY CHECK IN PARA USO DE INSTALACIONES, NO INCLUYE DESAYUNO(ENTREGAD DE HABITACIONES 15:00 HRS)",Activo
EMPORIO IXTAPA,Para Compartir,2026-05-31,2026-06-02,Estándar,3223.0,2015.0,1900.0,,819.0,,,,"EARLY CHECK IN PARA USO DE INSTALACIONES, NO INCLUYE DESAYUNO(ENTREGAD DE HABITACIONES 15:00 HRS)",Activo
EMPORIO IXTAPA,Para Compartir,2026-06-05,2026-06-07,Estándar,3223.0,2015.0,1900.0,,819.0,,,,,Activo
EMPORIO IXTAPA,Para Compartir,2026-06-07,2026-06-09,Estándar,2874.0,1797.0,1754.0,,819.0,,,,"EARLY CHECK IN PARA USO DE INSTALACIONES, NO INCLUYE DESAYUNO(ENTREGAD DE HABITACIONES 15:00 HRS)",Activo
EMPORIO IXTAPA,Para Compartir,2026-06-12,2026-06-14,Estándar,3223.0,2015.0,1900.0,,819.0,,,,,Activo
EMPORIO IXTAPA,Para Compartir,2026-06-19,2026-06-21,Estándar,3223.0,2015.0,1900.0,,819.0,,,,,Activo
EMPORIO IXTAPA,Para Compartir,2026-06-26,2026-06-28,Estándar,3223.0,2015.0,1900.0,,819.0,,,,,Activo
EMPORIO IXTAPA,Para Compartir,2026-06-28,2026-06-30,Estándar,2874.0,1797.0,1754.0,,819.0,,,,"EARLY CHECK IN PARA USO DE INSTALACIONES, NO INCLUYE DESAYUNO(ENTREGA DE HABITACIONES 15:00 HRS)",Activo
EMPORIO IXTAPA,Para Compartir,2026-07-03,2026-07-05,Estándar,3223.0,2015.0,1900.0,,819.0,,,,,Activo
EMPORIO IXTAPA,Para Compartir,2026-07-05,2026-07-07,Estándar,3223.0,2015.0,1900.0,,819.0,,,,"EARLY CHECK IN PARA USO DE INSTALACIONES, NO INCLUYE DESAYUNO(ENTREGA DE HABITACIONES 15:00 HRS)",Activo
EMPORIO IXTAPA,Para Compartir,2026-07-10,2026-07-12,Estándar,3223.0,2015.0,1900.0,,819.0,,,,,Activo
EMPORIO IXTAPA,Para Compartir,2026-07-16,2026-07-19,Estándar,3572.0,2233.0,2045.0,,819.0,,,,,Activo
EMPORIO IXTAPA,Para Compartir,2026-07-19,2026-07-21,Estándar,3572.0,2233.0,2045.0,,819.0,,,,,Activo
EMPORIO IXTAPA,Para Compartir,2026-07-23,2026-07-26,Estándar,3572.0,2233.0,2045.0,,819.0,,,,,Activo
EMPORIO IXTAPA,Para Compartir,2026-07-26,2026-07-28,Estándar,3572.0,2233.0,2045.0,,819.0,,,,,Activo
EMPORIO IXTAPA,Para Compartir,2026-07-30,2026-08-02,Estándar,3572.0,2233.0,2045.0,,819.0,,,,,Activo
EMPORIO IXTAPA,Para Compartir,2026-08-02,2026-08-04,Estándar,3572.0,2233.0,2045.0,,819.0,,,,,Activo
EMPORIO IXTAPA,Para Compartir,2026-08-06,2026-08-09,Estándar,3572.0,2233.0,2045.0,,819.0,,,,,Activo
EMPORIO IXTAPA,Para Compartir,2026-08-09,2026-08-11,Estándar,3572.0,2233.0,2045.0,,819.0,,,,,Activo
EMPORIO IXTAPA,Para Compartir,2026-08-13,2026-08-16,Estándar,3572.0,2233.0,2045.0,,819.0,,,,,Activo
EMPORIO IXTAPA,Para Compartir,2026-08-16,2026-08-18,Estándar,3572.0,2233.0,2045.0,,819.0,,,,,Activo
EMPORIO IXTAPA,Para Compartir,2026-08-21,2026-08-23,Estándar,3572.0,2233.0,2045.0,,819.0,,,,,Activo
EMPORIO IXTAPA,Para Compartir,2026-08-23,2026-08-25,Estándar,3223.0,2015.0,1900.0,,819.0,,,,,Activo
EMPORIO IXTAPA,Para Compartir,2026-08-28,2026-08-30,Estándar,3572.0,2233.0,2045.0,,819.0,,,,,Activo
EMPORIO IXTAPA,Para Compartir,2026-08-30,2026-09-02,Estándar,3223.0,2015.0,1900.0,,819.0,,,,,Activo
EMPORIO IXTAPA,Para Compartir,2026-09-04,2026-09-06,Estándar,3223.0,2015.0,1900.0,,819.0,,,,,Activo
EMPORIO IXTAPA,Para Compartir,2026-09-11,2026-09-13,Estándar,3223.0,2015.0,1900.0,,819.0,,,,,Activo
EMPORIO IXTAPA,Para Compartir,2026-09-13,2026-09-16,Estándar,3223.0,2015.0,1900.0,,819.0,,,,SUPLEMENTO OBLIGATORIO CENA MEXICANA ADL $395 / MNR 240,Activo
EMPORIO IXTAPA,Para Compartir,2026-09-18,2026-09-20,Estándar,3223.0,2015.0,1900.0,,819.0,,,,,Activo
EMPORIO IXTAPA,Para Compartir,2026-09-20,2026-09-22,Estándar,2874.0,1797.0,1754.0,,819.0,,,,"EARLY CHECK IN PARA USO DE INSTALACIONES, NO INCLUYE DESAYUNO(ENTREGAD DE HABITACIONES 15:00 HRS)",Activo
EMPORIO IXTAPA,Para Compartir,2026-09-25,2026-09-27,Estándar,3223.0,2015.0,1900.0,,819.0,,,,,Activo
EMPORIO IXTAPA,Para Compartir,2026-09-27,2026-09-29,Estándar,2874.0,1797.0,1754.0,,819.0,,,,"EARLY CHECK IN PARA USO DE INSTALACIONES, NO INCLUYE DESAYUNO(ENTREGAD DE HABITACIONES 15:00 HRS)",Activo
EMPORIO IXTAPA,Para Compartir,2026-10-02,2026-10-04,Estándar,3223.0,2015.0,1900.0,,819.0,,,,,Activo
EMPORIO IXTAPA,Para Compartir,2026-10-09,2026-10-11,Estándar,3223.0,2015.0,1900.0,,819.0,,,,,Activo
EMPORIO IXTAPA,Para Compartir,2026-10-16,2026-10-18,Estándar,3223.0,2015.0,1900.0,,819.0,,,,,Activo
EMPORIO IXTAPA,Para Compartir,2026-10-18,2026-10-20,Estándar,2874.0,1797.0,1754.0,,819.0,,,,"EARLY CHECK IN PARA USO DE INSTALACIONES, NO INCLUYE DESAYUNO(ENTREGAD DE HABITACIONES 15:00 HRS)",Activo
EMPORIO IXTAPA,Para Compartir,2026-10-23,2026-10-25,Estándar,3223.0,2015.0,1900.0,,819.0,,,,,Activo
EMPORIO IXTAPA,Para Compartir,2026-10-25,2026-10-27,Estándar,2874.0,1797.0,1754.0,,819.0,,,,"EARLY CHECK IN PARA USO DE INSTALACIONES, NO INCLUYE DESAYUNO(ENTREGAD DE HABITACIONES 15:00 HRS)",Activo
EMPORIO IXTAPA,Para Compartir,2026-10-30,2026-11-01,Estándar,3223.0,2015.0,1900.0,,819.0,,,,,Activo
EMPORIO IXTAPA,Para Compartir,2026-11-01,2026-11-03,Estándar,3223.0,2015.0,1900.0,,819.0,,,,"EARLY CHECK IN PARA USO DE INSTALACIONES, NO INCLUYE DESAYUNO(ENTREGAD DE HABITACIONES 15:00 HRS)",Activo
EMPORIO IXTAPA,Para Compartir,2026-11-06,2026-11-08,Estándar,3223.0,2015.0,1900.0,,819.0,,,,,Activo
EMPORIO IXTAPA,Para Compartir,2026-11-08,2026-11-10,Estándar,3223.0,2015.0,1900.0,,819.0,,,,"EARLY CHECK IN PARA USO DE INSTALACIONES, NO INCLUYE DESAYUNO(ENTREGAD DE HABITACIONES 15:00 HRS)",Activo
EMPORIO IXTAPA,Para Compartir,2026-11-13,2026-11-16,Estándar,3572.0,2233.0,2045.0,,819.0,,,,,Activo
EMPORIO IXTAPA,Para Compartir,2026-11-19,2026-11-22,Estándar,3572.0,2233.0,2045.0,,819.0,,,,,Activo
EMPORIO IXTAPA,Para Compartir,2026-11-27,2026-11-29,Estándar,3223.0,2015.0,,,819.0,,,,,Activo
EMPORIO IXTAPA,Para Compartir,2026-11-29,2026-12-01,Estándar,3223.0,2015.0,1900.0,,819.0,,,,"EARLY CHECK IN PARA USO DE INSTALACIONES, NO INCLUYE DESAYUNO(ENTREGAD DE HABITACIONES 15:00 HRS)",Activo
EMPORIO IXTAPA,Para Compartir,2026-12-04,2026-12-06,Estándar,3223.0,2015.0,1900.0,,819.0,,,,,Activo
EMPORIO IXTAPA,Para Compartir,2026-12-06,2026-12-08,Estándar,3223.0,2015.0,1900.0,,819.0,,,,"EARLY CHECK IN PARA USO DE INSTALACIONES, NO INCLUYE DESAYUNO(ENTREGAD DE HABITACIONES 15:00 HRS)",Activo
EMPORIO IXTAPA,Para Compartir,2026-12-11,2026-12-13,Estándar,3223.0,2015.0,1900.0,,819.0,,,,,Activo
EMPORIO IXTAPA,Para Compartir,2026-12-17,2026-12-20,Estándar,4270.0,2669.0,2336.0,,819.0,,,,,Activo
EMPORIO IXTAPA,Para Compartir,2026-12-20,2026-12-22,Estándar,4270.0,2669.0,2336.0,,819.0,,,,,Activo
EMPORIO IXTAPA / CAMA KING,Para Compartir,2026-02-20,2026-02-22,Estándar,3223.0,2015.0,,,819.0,,,,CONFIRMACION INMEDIATA,Activo
EMPORIO IXTAPA / CAMA KING,Para Compartir,2026-03-13,2026-03-16,Estándar,3572.0,2233.0,,,819.0,,,,,Activo
EMPORIO IXTAPA / CAMA KING,Para Compartir,2026-04-09,2026-04-12,Estándar,4270.0,2669.0,,,819.0,,,,,Activo
EMPORIO IXTAPA / CAMA KING,Para Compartir,2026-04-16,2026-04-19,Estándar,3223.0,2015.0,,,819.0,,,,,Activo
EMPORIO IXTAPA / CAMA KING,Para Compartir,2026-04-23,2026-04-26,Estándar,3223.0,2015.0,,,819.0,,,,,Activo
EMPORIO IXTAPA / CAMA KING,Para Compartir,2026-04-30,2026-05-03,Estándar,3572.0,2233.0,,,819.0,,,,,Activo
EMPORIO IXTAPA / CAMA KING,Para Compartir,2026-05-08,2026-05-10,Estándar,3223.0,2015.0,,,819.0,,,,SUPLEMENTO OBLIGATORIO DIA DE LAS MADRES ADL $395 / MNRS $240,Activo
EMPORIO IXTAPA / CAMA KING,Para Compartir,2026-06-05,2026-06-07,Estándar,3223.0,2015.0,,,819.0,,,,,Activo
EMPORIO IXTAPA / CAMA KING,Para Compartir,2026-06-12,2026-06-14,Estándar,3223.0,2015.0,,,819.0,,,,,Activo
EMPORIO IXTAPA / CAMA KING,Para Compartir,2026-06-19,2026-06-21,Estándar,3223.0,2015.0,,,819.0,,,,,Activo
EMPORIO IXTAPA / CAMA KING,Para Compartir,2026-07-03,2026-07-05,Estándar,3223.0,2015.0,,,819.0,,,,,Activo
EMPORIO IXTAPA / CAMA KING,Para Compartir,2026-07-10,2026-07-12,Estándar,3223.0,2015.0,,,819.0,,,,,Activo
EMPORIO IXTAPA / CAMA KING,Para Compartir,2026-07-16,2026-07-19,Estándar,3572.0,2233.0,,,819.0,,,,,Activo
EMPORIO IXTAPA / CAMA KING,Para Compartir,2026-07-23,2026-07-26,Estándar,3572.0,2233.0,,,819.0,,,,,Activo
EMPORIO IXTAPA / CAMA KING,Para Compartir,2026-07-30,2026-08-02,Estándar,3572.0,2233.0,,,819.0,,,,,Activo
EMPORIO IXTAPA / CAMA KING,Para Compartir,2026-08-06,2026-08-09,Estándar,3572.0,2233.0,,,819.0,,,,,Activo
EMPORIO IXTAPA / CAMA KING,Para Compartir,2026-08-13,2026-08-16,Estándar,3572.0,2233.0,,,819.0,,,,,Activo
EMPORIO IXTAPA / CAMA KING,Para Compartir,2026-08-21,2026-08-23,Estándar,3572.0,2233.0,,,819.0,,,,,Activo
EMPORIO IXTAPA / CAMA KING,Para Compartir,2026-08-28,2026-08-30,Estándar,3572.0,2233.0,,,819.0,,,,,Activo
EMPORIO IXTAPA / CAMA KING,Para Compartir,2026-09-13,2026-09-16,Estándar,3223.0,2015.0,,,819.0,,,,SUPLEMENTO OBLIGATORIO CENA MEXICANA ADL $395 / MNR 240,Activo
EMPORIO IXTAPA / CAMA KING,Para Compartir,2026-11-06,2026-11-08,Estándar,3223.0,2015.0,,,819.0,,,,,Activo
EMPORIO IXTAPA / CAMA KING,Para Compartir,2026-11-13,2026-11-16,Estándar,3572.0,2233.0,,,819.0,,,,,Activo
EMPORIO IXTAPA / CAMA KING,Para Compartir,2026-11-19,2026-11-22,Estándar,3572.0,2233.0,,,819.0,,,,,Activo
EMPORIO IXTAPA / CAMA KING,Para Compartir,2026-11-27,2026-11-29,Estándar,3223.0,2015.0,1900.0,,819.0,,,,,Activo
EMPORIO IXTAPA / CAMA KING,Para Compartir,2026-12-04,2026-12-06,Estándar,3223.0,2015.0,,,819.0,,,,,Activo
EMPORIO IXTAPA / CAMA KING,Para Compartir,2026-12-11,2026-12-13,Estándar,3223.0,2015.0,,,819.0,,,,,Activo
EMPORIO IXTAPA / VISTA AL MAR,Para Compartir,2026-03-06,2026-03-08,Estándar,3643.0,2225.0,2040.0,,819.0,,,,,Activo
EMPORIO IXTAPA / VISTA AL MAR,Para Compartir,2026-03-13,2026-03-16,Estándar,3992.0,2443.0,2185.0,,819.0,,,,,Activo
EMPORIO IXTAPA / VISTA AL MAR,Para Compartir,2026-03-20,2026-03-22,Estándar,3643.0,2225.0,2040.0,,819.0,,,,,Activo
EMPORIO IXTAPA / VISTA AL MAR,Para Compartir,2026-04-09,2026-04-12,Estándar,4690.0,2879.0,2476.0,,819.0,,,,,Activo
EMPORIO IXTAPA / VISTA AL MAR,Para Compartir,2026-04-16,2026-04-19,Estándar,3643.0,2225.0,2040.0,,819.0,,,,,Activo
EMPORIO IXTAPA / VISTA AL MAR,Para Compartir,2026-04-23,2026-04-26,Estándar,3643.0,2225.0,2040.0,,819.0,,,,,Activo
EMPORIO IXTAPA / VISTA AL MAR,Para Compartir,2026-04-30,2026-05-03,Estándar,3992.0,2443.0,2185.0,,819.0,,,,,Activo
EMPORIO IXTAPA / VISTA AL MAR,Para Compartir,2026-05-08,2026-05-10,Estándar,3643.0,2225.0,2040.0,,819.0,,,,SUPLEMENTO OBLIGATORIO DIA DE LAS MADRES ADL $395 / MNRS $240,Activo
EMPORIO IXTAPA / VISTA AL MAR,Para Compartir,2026-05-15,2026-05-17,Estándar,3643.0,2225.0,,,819.0,,,,,Activo
EMPORIO IXTAPA / VISTA AL MAR,Para Compartir,2026-07-16,2026-07-19,Estándar,3992.0,2443.0,2185.0,,819.0,,,,,Activo
EMPORIO IXTAPA / VISTA AL MAR,Para Compartir,2026-07-23,2026-07-26,Estándar,3992.0,2443.0,2185.0,,819.0,,,,,Activo
EMPORIO IXTAPA / VISTA AL MAR,Para Compartir,2026-07-30,2026-08-02,Estándar,3992.0,2443.0,2185.0,,819.0,,,,,Activo
EMPORIO IXTAPA / VISTA AL MAR,Para Compartir,2026-08-06,2026-08-09,Estándar,3992.0,2443.0,2185.0,,819.0,,,,,Activo
EMPORIO IXTAPA / VISTA AL MAR,Para Compartir,2026-08-13,2026-08-16,Estándar,3992.0,2443.0,2185.0,,819.0,,,,,Activo
EMPORIO IXTAPA / VISTA AL MAR,Para Compartir,2026-08-21,2026-08-23,Estándar,3992.0,2443.0,2185.0,,819.0,,,,,Activo
EMPORIO IXTAPA / VISTA AL MAR,Para Compartir,2026-11-13,2026-11-16,Estándar,3992.0,2443.0,2185.0,,819.0,,,,,Activo
EMPORIO IXTAPA / VISTA AL MAR,Para Compartir,2026-11-19,2026-11-22,Estándar,3992.0,2443.0,2185.0,,819.0,,,,,Activo
EMPORIO IXTAPA / VISTA AL MAR,Para Compartir,2026-12-17,2026-12-20,Estándar,4690.0,2879.0,2476.0,,819.0,,,,,Activo
EMPORIO IXTAPA / VISTA AL MAR,Para Compartir,2026-12-20,2026-12-22,Estándar,4690.0,2879.0,2476.0,,819.0,,,,,Activo
EMPORIO IXTAPA/ CAMA KING,Para Compartir,2026-06-26,2026-06-28,Estándar,3223.0,2015.0,,,819.0,,,,,Activo
FONTAN IXTAPA,Para Compartir,2026-02-13,2026-02-15,Estándar,3435.0,1875.0,1730.0,,490.0,,,,DESAYUNO A LA LLEGADA,Activo
FONTAN IXTAPA,Para Compartir,2026-03-01,2026-03-03,Estándar,2731.0,1743.0,1665.0,,490.0,,,,DESAYUNO AMERICANO A LA LLEGADA,Activo
FONTAN IXTAPA,Para Compartir,2026-03-06,2026-03-08,Estándar,3435.0,1875.0,1730.0,,490.0,,,,DESAYUNO AMERICANO A LA LLEGADA,Activo
FONTAN IXTAPA,Para Compartir,2026-03-08,2026-03-10,Estándar,2731.0,1743.0,1665.0,,490.0,,,,DESAYUNO AMERICANO A LA LLEGADA,Activo
FONTAN IXTAPA,Para Compartir,2026-03-13,2026-03-15,Estándar,3473.0,2137.0,2058.0,,490.0,,,,DESAYUNO AMERICANO A LA LLEGADA,Activo
FONTAN IXTAPA,Para Compartir,2026-03-22,2026-03-24,Estándar,3005.0,1743.0,1665.0,,490.0,,,,DESAYUNO AMERICANO A LA LLEGADA,Activo
FONTAN IXTAPA,Para Compartir,2026-03-27,2026-03-29,Estándar,3435.0,1875.0,1730.0,,490.0,,,,DESAYUNO AMERICANO A LA LLEGADA,Activo
FONTAN IXTAPA,Para Compartir,2026-04-17,2026-04-19,Estándar,3435.0,1875.0,1730.0,,490.0,,,,DESAYUNO AMERICANO A LA LLEGADA,Activo
FONTAN IXTAPA,Para Compartir,2026-04-19,2026-04-21,Estándar,2731.0,1743.0,1665.0,,490.0,,,,DESAYUNO AMERICANO A LA LLEGADA,Activo
FONTAN IXTAPA,Para Compartir,2026-04-26,2026-04-28,Estándar,2731.0,1743.0,1665.0,,490.0,,,,DESAYUNO AMERICANO A LA LLEGADA,Activo
FONTAN IXTAPA,Para Compartir,2026-05-03,2026-05-05,Estándar,2731.0,1743.0,1665.0,,490.0,,,,DESAYUNO AMERICANO A LA LLEGADA,Activo
FONTAN IXTAPA,Para Compartir,2026-05-08,2026-05-10,Estándar,3435.0,1875.0,1730.0,,490.0,,,,DESAYUNO AMERICANO A LA LLEGADA,Activo
FONTAN IXTAPA,Para Compartir,2026-05-10,2026-05-12,Estándar,2731.0,1743.0,1665.0,,490.0,,,,DESAYUNO AMERICANO A LA LLEGADA,Activo
FONTAN IXTAPA,Para Compartir,2026-05-15,2026-05-17,Estándar,3396.0,2050.0,2000.0,,490.0,,,,DESAYUNO AMERICANO A LA LLEGADA,Activo
FONTAN IXTAPA,Para Compartir,2026-05-17,2026-05-19,Estándar,2731.0,1743.0,1665.0,,490.0,,,,DESAYUNO AMERICANO A LA LLEGADA,Activo
FONTAN IXTAPA,Para Compartir,2026-05-22,2026-05-24,Estándar,3435.0,1875.0,1730.0,,490.0,,,,DESAYUNO AMERICANO A LA LLEGADA,Activo
FONTAN IXTAPA,Para Compartir,2026-05-24,2026-05-26,Estándar,2731.0,1743.0,1665.0,,490.0,,,,DESAYUNO AMERICANO A LA LLEGADA,Activo
FONTAN IXTAPA,Para Compartir,2026-05-31,2026-06-02,Estándar,2731.0,1743.0,1665.0,,490.0,,,,DESAYUNO AMERICANO A LA LLEGADA,Activo
FONTAN IXTAPA,Para Compartir,2026-06-05,2026-06-07,Estándar,3435.0,1875.0,1730.0,,490.0,,,,DESAYUNO AMERICANO A LA LLEGADA,Activo
FONTAN IXTAPA,Para Compartir,2026-06-07,2026-06-09,Estándar,2731.0,1743.0,1665.0,,490.0,,,,DESAYUNO AMERICANO A LA LLEGADA,Activo
FONTAN IXTAPA,Para Compartir,2026-06-12,2026-06-14,Estándar,3435.0,1875.0,1730.0,,490.0,,,,DESAYUNO AMERICANO A LA LLEGADA,Activo
FONTAN IXTAPA,Para Compartir,2026-06-14,2026-06-16,Estándar,2731.0,1743.0,1665.0,,490.0,,,,DESAYUNO AMERICANO A LA LLEGADA,Activo
FONTAN IXTAPA,Para Compartir,2026-06-19,2026-06-21,Estándar,3435.0,1875.0,1730.0,,490.0,,,,DESAYUNO AMERICANO A LA LLEGADA,Activo
FONTAN IXTAPA,Para Compartir,2026-06-21,2026-06-23,Estándar,2731.0,1743.0,1665.0,,490.0,,,,DESAYUNO AMERICANO A LA LLEGADA,Activo
FONTAN IXTAPA,Para Compartir,2026-06-26,2026-06-28,Estándar,3435.0,1875.0,1730.0,,490.0,,,,DESAYUNO AMERICANO A LA LLEGADA,Activo
FONTAN IXTAPA,Para Compartir,2026-06-28,2026-06-30,Estándar,2731.0,1743.0,1665.0,,490.0,,,,DESAYUNO AMERICANO A LA LLEGADA,Activo
FONTAN IXTAPA,Para Compartir,2026-07-03,2026-07-05,Estándar,3435.0,1875.0,1730.0,,490.0,,,,DESAYUNO AMERICANO A LA LLEGADA,Activo
FONTAN IXTAPA,Para Compartir,2026-07-05,2026-07-07,Estándar,2731.0,1743.0,1665.0,,490.0,,,,DESAYUNO AMERICANO A LA LLEGADA,Activo
FONTAN IXTAPA,Para Compartir,2026-07-10,2026-07-12,Estándar,3435.0,1875.0,1730.0,,490.0,,,,DESAYUNO AMERICANO A LA LLEGADA,Activo
FONTAN IXTAPA,Para Compartir,2026-07-12,2026-07-14,Estándar,3473.0,2137.0,2058.0,,490.0,,,,DESAYUNO AMERICANO A LA LLEGADA,Activo
FONTAN IXTAPA,Para Compartir,2026-07-17,2026-07-19,Estándar,3473.0,2137.0,2058.0,,490.0,,,,DESAYUNO AMERICANO A LA LLEGADA,Activo
FONTAN IXTAPA,Para Compartir,2026-07-19,2026-07-21,Estándar,3473.0,2137.0,2058.0,,490.0,,,,DESAYUNO AMERICANO A LA LLEGADA,Activo
FONTAN IXTAPA,Para Compartir,2026-07-24,2026-07-26,Estándar,3473.0,2137.0,2058.0,,490.0,,,,DESAYUNO AMERICANO A LA LLEGADA,Activo
FONTAN IXTAPA,Para Compartir,2026-07-26,2026-07-28,Estándar,3473.0,2137.0,2058.0,,490.0,,,,DESAYUNO AMERICANO A LA LLEGADA,Activo
FONTAN IXTAPA,Para Compartir,2026-07-31,2026-08-02,Estándar,3473.0,2137.0,2058.0,,490.0,,,,DESAYUNO AMERICANO A LA LLEGADA,Activo
FONTAN IXTAPA,Para Compartir,2026-08-02,2026-08-04,Estándar,3473.0,2137.0,2058.0,,490.0,,,,DESAYUNO AMERICANO A LA LLEGADA,Activo
FONTAN IXTAPA,Para Compartir,2026-08-09,2026-08-11,Estándar,3473.0,2137.0,2058.0,,490.0,,,,DESAYUNO AMERICANO A LA LLEGADA,Activo
FONTAN IXTAPA,Para Compartir,2026-08-14,2026-08-16,Estándar,3473.0,2137.0,2058.0,,490.0,,,,DESAYUNO AMERICANO A LA LLEGADA,Activo
FONTAN IXTAPA,Para Compartir,2026-08-16,2026-08-18,Estándar,3473.0,2137.0,2058.0,,490.0,,,,DESAYUNO AMERICANO A LA LLEGADA,Activo
FONTAN IXTAPA,Para Compartir,2026-08-21,2026-08-23,Estándar,3473.0,2137.0,2058.0,,490.0,,,,DESAYUNO AMERICANO A LA LLEGADA,Activo
FONTAN IXTAPA,Para Compartir,2026-08-23,2026-08-25,Estándar,2731.0,1743.0,1665.0,,490.0,,,,DESAYUNO AMERICANO A LA LLEGADA,Activo
FONTAN IXTAPA,Para Compartir,2026-08-28,2026-08-30,Estándar,3435.0,1875.0,1730.0,,490.0,,,,DESAYUNO AMERICANO A LA LLEGADA,Activo
FONTAN IXTAPA,Para Compartir,2026-08-30,2026-09-01,Estándar,2731.0,1743.0,1665.0,,490.0,,,,DESAYUNO AMERICANO A LA LLEGADA,Activo
FONTAN IXTAPA,Para Compartir,2026-09-04,2026-09-06,Estándar,3435.0,1875.0,1730.0,,490.0,,,,DESAYUNO AMERICANO A LA LLEGADA,Activo
FONTAN IXTAPA,Para Compartir,2026-09-11,2026-09-13,Estándar,3435.0,1875.0,1730.0,,490.0,,,,DESAYUNO AMERICANO A LA LLEGADA,Activo
FONTAN IXTAPA,Para Compartir,2026-09-13,2026-09-15,Estándar,2731.0,1743.0,1665.0,,490.0,,,,DESAYUNO AMERICANO A LA LLEGADA,Activo
FONTAN IXTAPA,Para Compartir,2026-09-18,2026-09-20,Estándar,3435.0,1875.0,1730.0,,490.0,,,,DESAYUNO AMERICANO A LA LLEGADA,Activo
FONTAN IXTAPA,Para Compartir,2026-09-20,2026-09-22,Estándar,2731.0,1743.0,1665.0,,490.0,,,,DESAYUNO AMERICANO A LA LLEGADA,Activo
FONTAN IXTAPA,Para Compartir,2026-09-25,2026-09-27,Estándar,3435.0,1875.0,1730.0,,490.0,,,,DESAYUNO AMERICANO A LA LLEGADA,Activo
FONTAN IXTAPA,Para Compartir,2026-09-27,2026-09-29,Estándar,2731.0,1743.0,1665.0,,490.0,,,,DESAYUNO AMERICANO A LA LLEGADA,Activo
FONTAN IXTAPA,Para Compartir,2026-10-02,2026-10-04,Estándar,3435.0,1875.0,1730.0,,490.0,,,,DESAYUNO AMERICANO A LA LLEGADA,Activo
FONTAN IXTAPA,Para Compartir,2026-10-04,2026-10-06,Estándar,2731.0,1743.0,1665.0,,490.0,,,,DESAYUNO AMERICANO A LA LLEGADA,Activo
FONTAN IXTAPA,Para Compartir,2026-10-09,2026-10-11,Estándar,3435.0,1875.0,1730.0,,490.0,,,,DESAYUNO AMERICANO A LA LLEGADA,Activo
FONTAN IXTAPA,Para Compartir,2026-10-11,2026-10-13,Estándar,2731.0,1743.0,1665.0,,490.0,,,,DESAYUNO AMERICANO A LA LLEGADA,Activo
FONTAN IXTAPA,Para Compartir,2026-10-16,2026-10-18,Estándar,3435.0,1875.0,1730.0,,490.0,,,,DESAYUNO AMERICANO A LA LLEGADA,Activo
FONTAN IXTAPA,Para Compartir,2026-10-18,2026-10-20,Estándar,2731.0,1743.0,1665.0,,490.0,,,,DESAYUNO AMERICANO A LA LLEGADA,Activo
FONTAN IXTAPA,Para Compartir,2026-10-23,2026-10-25,Estándar,3435.0,1875.0,1730.0,,490.0,,,,DESAYUNO AMERICANO A LA LLEGADA,Activo
FONTAN IXTAPA,Para Compartir,2026-10-25,2026-10-27,Estándar,2731.0,1743.0,1665.0,,490.0,,,,DESAYUNO AMERICANO A LA LLEGADA,Activo
FONTAN IXTAPA,Para Compartir,2026-10-30,2026-11-01,Estándar,3435.0,1875.0,1730.0,,490.0,,,,DESAYUNO AMERICANO A LA LLEGADA,Activo
FONTAN IXTAPA,Para Compartir,2026-11-01,2026-11-03,Estándar,2731.0,1743.0,1665.0,,490.0,,,,DESAYUNO AMERICANO A LA LLEGADA,Activo
FONTAN IXTAPA,Para Compartir,2026-11-06,2026-11-08,Estándar,3345.0,1875.0,1730.0,,490.0,,,,DESAYUNO AMERICANO A LA LLEGADA,Activo
FONTAN IXTAPA,Para Compartir,2026-11-08,2026-11-10,Estándar,2731.0,1743.0,1665.0,,490.0,,,,DESAYUNO AMERICANO A LA LLEGADA,Activo
FONTAN IXTAPA,Para Compartir,2026-11-13,2026-11-15,Estándar,3473.0,2137.0,2058.0,,490.0,,,,DESAYUNO AMERICANO A LA LLEGADA,Activo
FONTAN IXTAPA,Para Compartir,2026-11-15,2026-11-17,Estándar,3473.0,2137.0,2058.0,,490.0,,,,DESAYUNO AMERICANO A LA LLEGADA,Activo
FONTAN IXTAPA,Para Compartir,2026-11-20,2026-11-22,Estándar,3345.0,1875.0,1730.0,,490.0,,,,DESAYUNO AMERICANO A LA LLEGADA,Activo
FONTAN IXTAPA,Para Compartir,2026-11-22,2026-11-24,Estándar,2731.0,1743.0,1665.0,,490.0,,,,DESAYUNO AMERICANO A LA LLEGADA,Activo
FONTAN IXTAPA,Para Compartir,2026-11-27,2026-11-29,Estándar,3345.0,1875.0,1730.0,,490.0,,,,DESAYUNO AMERICANO A LA LLEGADA,Activo
FONTAN IXTAPA,Para Compartir,2026-11-29,2026-12-01,Estándar,2731.0,1743.0,1665.0,,490.0,,,,DESAYUNO AMERICANO A LA LLEGADA,Activo
FONTAN IXTAPA,Para Compartir,2026-12-04,2026-12-06,Estándar,3396.0,2050.0,2000.0,,490.0,,,,DESAYUNO AMERICANO A LA LLEGADA,Activo
FONTAN IXTAPA,Para Compartir,2026-12-06,2026-12-08,Estándar,2731.0,1743.0,1665.0,,490.0,,,,DESAYUNO AMERICANO A LA LLEGADA,Activo
FONTAN IXTAPA,Para Compartir,2026-12-11,2026-12-13,Estándar,3396.0,2050.0,2000.0,,490.0,,,,DESAYUNO AMERICANO A LA LLEGADA,Activo
FONTAN IXTAPA,Para Compartir,2026-12-18,2026-12-20,Estándar,3396.0,2050.0,2000.0,,490.0,,,,DESAYUNO AMERICANO A LA LLEGADA,Activo
FONTAN IXTAPA,Para Compartir,2026-12-20,2026-12-22,Estándar,3473.0,2137.0,2058.0,,490.0,,,,DESAYUNO AMERICANO A LA LLEGADA,Activo
FONTAN IXTAPA,Para Compartir,2026-12-23,2026-12-25,Estándar,4500.0,2545.0,2525.0,,490.0,,,,,Activo
FONTAN IXTAPA,Para Compartir,2026-12-27,2026-12-29,Estándar,5625.0,3181.0,3156.0,,490.0,,,,,Activo
Grand Oasis Cancun,Pre-compras 2026,2026-04-16,2026-04-19,Estandar,3733.0,2347.0,2231.0,,0.0,0.0,,3.0,"Anticipo $2,500 MXN no reembolsable. Liquidar 32 días antes. Comisionable 14%.",Activo
Grand Park Royal Puerto Vallarta,Pre-compras 2026,2026-09-27,2026-09-30,RUN OF THE HOUSE (ROH),3652.5,2608.75,2477.5,,699.0,0.0,,16.0,"Anticipo $2,500 MXN no reembolsable. Liquidar 32 días antes. Comisionable 14%.",Activo
Grand Park Royal Puerto Vallarta  ,Pre-compras 2026,2026-09-27,2026-09-30,RUN OF THE HOUSE (ROH),3652.5,2608.75,2477.5,,699,GRATIS,na,16.0,"Precompra - Anticipo $2,500 MXN no reembolsable",Activo
HOLIDAY INN IXTAPA,Para Compartir,2026-02-15,2026-02-17,Estándar,4250.0,2125.0,2125.0,,0.0,,,,EARLY CHECK INN,Activo
HOLIDAY INN IXTAPA,Para Compartir,2026-03-20,2026-03-22,Estándar,4813.0,2406.0,2406.0,,0.0,,,,APLICA EARLY CHECK IN,Activo
HOLIDAY INN IXTAPA,Para Compartir,2026-04-17,2026-04-19,Estándar,4938.0,2469.0,2469.0,,0.0,,,,APLICA EARLY CHECK INN,Activo
HOLIDAY INN IXTAPA,Para Compartir,2026-05-15,2026-05-17,Estándar,5000.0,2500.0,2500.0,,0.0,,,,APLICA EARLY CHECK INN,Activo
HOLIDAY INN IXTAPA,Para Compartir,2026-06-12,2026-06-14,Estándar,4625.0,2313.0,2313.0,,0.0,,,,APLICA EARLY CHECK IN,Activo
HOLIDAY INN IXTAPA,Para Compartir,2026-06-19,2026-06-21,Estándar,4625.0,2313.0,2313.0,,0.0,,,,APLICA EARLY CHECK IN,Activo
HOLIDAY INN IXTAPA,Para Compartir,2026-06-26,2026-06-28,Estándar,4625.0,2313.0,2313.0,,0.0,,,,APLICA EARLY CHECK IN,Activo
HOLIDAY INN IXTAPA,Para Compartir,2026-08-21,2026-08-23,Estándar,5000.0,2500.0,2500.0,,0.0,,,,APLICA EARLY CHECK INN,Activo
HOLIDAY INN IXTAPA,Para Compartir,2026-08-28,2026-08-30,Estándar,4813.0,2406.0,2406.0,,0.0,,,,APLICA EARLY CHECK INN,Activo
HOLIDAY INN IXTAPA,Para Compartir,2026-09-04,2026-09-06,Estándar,4813.0,2406.0,2406.0,,399.0,,,,APLICA EARLY CHECK INN,Activo
HOLIDAY INN IXTAPA,Para Compartir,2026-09-11,2026-09-13,Estándar,4813.0,2406.0,2406.0,,0.0,,,,APLICA EARLY CHECK INN,Activo
HOLIDAY INN IXTAPA,Para Compartir,2026-09-18,2026-09-20,Estándar,4813.0,2406.0,2406.0,,0.0,,,,APLICA EARLY CHECK INN,Activo
HOLIDAY INN IXTAPA,Para Compartir,2026-09-25,2026-09-27,Estándar,4813.0,2406.0,2406.0,,0.0,,,,APLICA EARLY CHECK INN,Activo
HOLIDAY INN IXTAPA,Para Compartir,2026-10-02,2026-10-04,Estándar,4938.0,2469.0,2469.0,,0.0,,,,APLICA EARLY CHECK INN,Activo
HOLIDAY INN IXTAPA,Para Compartir,2026-10-09,2026-10-11,Estándar,4938.0,2469.0,2469.0,,0.0,,,,APLICA EARLY CHECK INN,Activo
HOLIDAY INN IXTAPA,Para Compartir,2026-10-16,2026-10-18,Estándar,4938.0,2469.0,2469.0,,0.0,,,,APLICA EARLY CHECK INN,Activo
HOLIDAY INN IXTAPA,Para Compartir,2026-10-23,2026-10-25,Estándar,4938.0,2469.0,2469.0,,0.0,,,,APLICA EARLY CHECK INN,Activo
HOLIDAY INN IXTAPA,Para Compartir,2026-11-20,2026-11-22,Estándar,5063.0,2531.0,2531.0,,0.0,,,,APLICA EARLY CHECK INN,Activo
HOLIDAY INN IXTAPA,Para Compartir,2026-12-18,2026-12-20,Estándar,5375.0,2688.0,2688.0,,0.0,,,,APLICA EARLY CHECK INN,Activo
Hard Rock Riviera Maya,Pre-compras 2026,2026-08-21,2026-08-23,Deluxe Gold Camas Dobles,8981.25,4491.25,3562.5,,0.0,0.0,0.0,16.0,"Anticipo $2,500 MXN no reembolsable. Liquidar 32 días antes. Comisionable 14%.",Activo
Hard Rock Riviera Maya,Pre-compras 2026,2026-08-28,2026-08-30,Deluxe Gold Camas Dobles,8981.25,4491.25,3562.5,,0.0,0.0,0.0,20.0,"Anticipo $2,500 MXN no reembolsable. Liquidar 32 días antes. Comisionable 14%.",Activo
Hard Rock Riviera Maya,Pre-compras 2026,2026-09-04,2026-09-06,Deluxe Gold Camas Dobles,8981.25,4491.25,3562.5,,0.0,0.0,0.0,20.0,"Anticipo $2,500 MXN no reembolsable. Liquidar 32 días antes. Comisionable 14%.",Activo
Hard Rock Riviera Maya,Pre-compras 2026,2026-09-11,2026-09-13,Deluxe Gold Camas Dobles,8981.25,4491.25,3562.5,,0.0,0.0,0.0,20.0,"Anticipo $2,500 MXN no reembolsable. Liquidar 32 días antes. Comisionable 14%.",Activo
Hard Rock Riviera Maya,Pre-compras 2026,2026-09-18,2026-09-20,Deluxe Gold Camas Dobles,8981.25,4491.25,3562.5,,0.0,0.0,0.0,20.0,"Anticipo $2,500 MXN no reembolsable. Liquidar 32 días antes. Comisionable 14%.",Activo
Hard Rock Riviera Maya,Pre-compras 2026,2026-09-25,2026-09-27,Deluxe Gold Camas Dobles,8981.25,4491.25,3562.5,,0.0,0.0,0.0,20.0,"Anticipo $2,500 MXN no reembolsable. Liquidar 32 días antes. Comisionable 14%.",Activo
Hilton Cancun ,Pre-compras 2026,2026-05-15,2026-05-18,Premium Ocean View 2 camas Queen,5913.0,3375.0,3500.0,,GRATIS,GRATIS,na,11.0,"Precompra - Anticipo $2,500 MXN no reembolsable",Activo
Hilton Vallarta,Pre-compras 2026,2026-09-24,2026-09-27,Ocean Front Room,6150.0,4100.0,3416.0,,0.0,0.0,,11.0,"Anticipo $2,500 MXN no reembolsable. Liquidar 32 días antes. Comisionable 14%.",Activo
Hilton Vallarta ,Pre-compras 2026,2026-09-24,2026-09-27,Ocean Front Room,6150.0,4100.0,3416.0,,GRATIS,GRATIS,na,11.0,"Precompra - Anticipo $2,500 MXN no reembolsable",Activo
Holiday Inn Ixtapa Vista Jardín,Click Agencias,2026-02-06,2026-02-08,Vista Jardín,4813.0,2407.0,2407.0,,,,,,DESAYUNO A LA LLEGADA,Activo
Holiday Inn Ixtapa Vista Jardín,Click Agencias,2026-02-20,2026-02-22,Vista Jardín,4813.0,2407.0,2407.0,,,,,,DESAYUNO A LA LLEGADA,Activo
Holiday Inn Ixtapa Vista Jardín,Click Agencias,2026-03-06,2026-03-08,Vista Jardín,4813.0,2407.0,2407.0,,,,,,DESAYUNO A LA LLEGADA,Activo
Holiday Inn Ixtapa Vista Jardín,Click Agencias,2026-03-13,2026-03-16,Vista Jardín,5500.0,2750.0,2750.0,,,,,,DESAYUNO A LA LLEGADA,Activo
Holiday Inn Ixtapa Vista Jardín,Click Agencias,2026-03-20,2026-03-22,Vista Jardín,4813.0,2407.0,2407.0,,,,,,DESAYUNO A LA LLEGADA,Activo
Holiday Inn Ixtapa Vista Jardín,Click Agencias,2026-03-27,2026-03-29,Vista Jardín,4813.0,2407.0,2407.0,,,,,,DESAYUNO A LA LLEGADA,Activo
Holiday Inn Ixtapa Vista Jardín,Click Agencias,2026-04-10,2026-04-12,Vista Jardín,5250.0,2625.0,2625.0,,,,,,DESAYUNO A LA LLEGADA,Activo
Holiday Inn Ixtapa Vista Jardín,Click Agencias,2026-04-17,2026-04-19,Vista Jardín,4938.0,2469.0,2469.0,,,,,,DESAYUNO A LA LLEGADA,Activo
Holiday Inn Ixtapa Vista Jardín,Click Agencias,2026-04-24,2026-04-26,Vista Jardín,4938.0,2469.0,2469.0,,,,,,DESAYUNO A LA LLEGADA,Activo
Hotel Xcaret Mexico,Pre-compras 2026,2026-09-03,2026-09-06,Suite Garden,14250.0,7125.0,6887.66,,GRATIS,GRATIS,3563,14.0,"Precompra - Anticipo $2,500 MXN no reembolsable",Activo
Hotel Xcaret Mexico,Pre-compras 2026,2026-10-08,2026-10-11,Suite Garden,14250.0,7125.0,6887.66,,0.0,0.0,3563.0,16.0,"Anticipo $2,500 MXN no reembolsable. Liquidar 32 días antes. Comisionable 14%.",Activo
Hotel Xcaret Mexico,Pre-compras 2026,2026-12-03,2026-12-06,Suite Garden,14250.0,7125.0,6887.66,,0.0,0.0,3563.0,10.0,"Anticipo $2,500 MXN no reembolsable. Liquidar 32 días antes. Comisionable 14%.",Activo
KRYSTAL IXTAPA,Para Compartir,2026-02-20,2026-02-22,Estándar,4390.0,2195.0,2095.0,,790.0,,1450.0,,PAGO INMEDIATO,Activo
KRYSTAL IXTAPA,Para Compartir,2026-04-07,2026-04-09,Estándar,4490.0,2245.0,2145.0,,790.0,,1450.0,,,Activo
KRYSTAL PUERTO VALLARTA,Para Compartir,2026-05-03,2026-05-05,Estándar,3690.0,1845.0,1755.0,,900.0,,1100.0,,,Activo
Krystal Grand Nuevo Vallarta,Pre-compras 2026,2026-04-19,2026-04-23,Delujo vista al jardín,4335.0,2550.0,2380.0,,0.0,0.0,,11.0,"Anticipo $2,500 MXN no reembolsable. Liquidar 32 días antes. Comisionable 14%.",Activo
Krystal Grand Nuevo Vallarta,Pre-compras 2026,2026-04-23,2026-04-26,Delujo vista al jardín,4335.0,2550.0,2380.0,,0.0,0.0,,11.0,"Anticipo $2,500 MXN no reembolsable. Liquidar 32 días antes. Comisionable 14%.",Activo
Krystal Grand Nuevo Vallarta,Pre-compras 2026,2026-04-23,2026-04-26,Delujo vista al jardín ,4080.0,2400.0,2240.0,,GRATIS,GRATIS,na,5.0,"Precompra - Anticipo $2,500 MXN no reembolsable",Activo
Krystal Grand Nuevo Vallarta,Pre-compras 2026,2026-04-30,2026-05-03,Delujo vista al jardín,4335.0,2550.0,2380.0,,0.0,0.0,,6.0,"Anticipo $2,500 MXN no reembolsable. Liquidar 32 días antes. Comisionable 14%.",Activo
Krystal Grand Nuevo Vallarta,Pre-compras 2026,2026-04-30,2026-05-03,Delujo vista al jardín ,4080.0,2400.0,2240.0,,GRATIS,GRATIS,na,3.0,"Precompra - Anticipo $2,500 MXN no reembolsable",Activo
Krystal Grand Nuevo Vallarta,Pre-compras 2026,2026-05-07,2026-05-10,Delujo vista al jardín,4335.0,2550.0,2380.0,,0.0,0.0,,7.0,"Anticipo $2,500 MXN no reembolsable. Liquidar 32 días antes. Comisionable 14%.",Activo
Krystal Grand Nuevo Vallarta,Pre-compras 2026,2026-05-21,2026-05-24,Delujo vista al jardín,4335.0,2550.0,2380.0,,0.0,0.0,,20.0,"Anticipo $2,500 MXN no reembolsable. Liquidar 32 días antes. Comisionable 14%.",Activo
Krystal Grand Nuevo Vallarta,Pre-compras 2026,2026-05-28,2026-05-31,Delujo vista al jardín,4335.0,2550.0,2380.0,,0.0,0.0,,20.0,"Anticipo $2,500 MXN no reembolsable. Liquidar 32 días antes. Comisionable 14%.",Activo
Krystal Grand Nuevo Vallarta,Pre-compras 2026,2026-06-04,2026-06-07,Delujo vista al jardín,4335.0,2550.0,2380.0,,0.0,0.0,,20.0,"Anticipo $2,500 MXN no reembolsable. Liquidar 32 días antes. Comisionable 14%.",Activo
Krystal Grand Nuevo Vallarta,Pre-compras 2026,2026-06-11,2026-06-14,Delujo vista al jardín,4335.0,2550.0,2380.0,,0.0,0.0,,20.0,"Anticipo $2,500 MXN no reembolsable. Liquidar 32 días antes. Comisionable 14%.",Activo
Krystal Grand Nuevo Vallarta,Pre-compras 2026,2026-06-18,2026-06-21,Delujo vista al jardín,4335.0,2550.0,2380.0,,0.0,0.0,,11.0,"Anticipo $2,500 MXN no reembolsable. Liquidar 32 días antes. Comisionable 14%.",Activo
Krystal Grand Nuevo Vallarta,Pre-compras 2026,2026-06-25,2026-06-28,Delujo vista al jardín,4335.0,2550.0,2380.0,,0.0,0.0,,11.0,"Anticipo $2,500 MXN no reembolsable. Liquidar 32 días antes. Comisionable 14%.",Activo
Krystal Grand Nuevo Vallarta,Pre-compras 2026,2026-07-02,2026-07-05,Delujo vista al jardín,4335.0,2550.0,2380.0,,0.0,0.0,,20.0,"Anticipo $2,500 MXN no reembolsable. Liquidar 32 días antes. Comisionable 14%.",Activo
Krystal Grand Nuevo Vallarta,Pre-compras 2026,2026-07-16,2026-07-19,Delujo vista al jardín,4760.0,2800.0,2613.0,,0.0,0.0,,20.0,"Anticipo $2,500 MXN no reembolsable. Liquidar 32 días antes. Comisionable 14%.",Activo
Krystal Grand Nuevo Vallarta,Pre-compras 2026,2026-07-23,2026-07-26,Delujo vista al jardín,4760.0,2800.0,2613.0,,0.0,0.0,,20.0,"Anticipo $2,500 MXN no reembolsable. Liquidar 32 días antes. Comisionable 14%.",Activo
Krystal Grand Nuevo Vallarta,Pre-compras 2026,2026-07-30,2026-08-02,Delujo vista al jardín,4760.0,2800.0,2613.0,,0.0,0.0,,20.0,"Anticipo $2,500 MXN no reembolsable. Liquidar 32 días antes. Comisionable 14%.",Activo
Krystal Grand Nuevo Vallarta,Pre-compras 2026,2026-08-06,2026-08-09,Delujo vista al jardín,4760.0,2800.0,2613.0,,0.0,0.0,,15.0,"Anticipo $2,500 MXN no reembolsable. Liquidar 32 días antes. Comisionable 14%.",Activo
Krystal Grand Nuevo Vallarta,Pre-compras 2026,2026-08-13,2026-08-16,Delujo vista al jardín,4760.0,2800.0,2613.0,,0.0,0.0,,20.0,"Anticipo $2,500 MXN no reembolsable. Liquidar 32 días antes. Comisionable 14%.",Activo
Krystal Grand Nuevo Vallarta,Pre-compras 2026,2026-08-20,2026-08-23,Delujo vista al jardín,4760.0,2800.0,2613.0,,0.0,0.0,,20.0,"Anticipo $2,500 MXN no reembolsable. Liquidar 32 días antes. Comisionable 14%.",Activo
Krystal Grand Nuevo Vallarta,Pre-compras 2026,2026-09-24,2026-09-27,Delujo vista al jardín,4250.0,2500.0,2333.0,,0.0,0.0,,20.0,"Anticipo $2,500 MXN no reembolsable. Liquidar 32 días antes. Comisionable 14%.",Activo
Krystal Grand Nuevo Vallarta,Pre-compras 2026,2026-10-29,2026-11-01,Delujo vista al jardín,4250.0,2500.0,2333.0,,0.0,0.0,,20.0,"Anticipo $2,500 MXN no reembolsable. Liquidar 32 días antes. Comisionable 14%.",Activo
Krystal Grand Nuevo Vallarta,Pre-compras 2026,2026-11-26,2026-11-29,Delujo vista al jardín,4250.0,2500.0,2333.0,,0.0,0.0,,20.0,"Anticipo $2,500 MXN no reembolsable. Liquidar 32 días antes. Comisionable 14%.",Activo
Krystal Grand Puerto Vallarta,Pre-compras 2026,2026-04-19,2026-04-23,Resort ROH,3500.0,2188.0,2042.0,,0.0,0.0,,20.0,"Anticipo $2,500 MXN no reembolsable. Liquidar 32 días antes. Comisionable 14%.",Activo
Krystal Grand Puerto Vallarta,Pre-compras 2026,2026-04-23,2026-04-26,Resort ROH,3500.0,2188.0,2042.0,,0.0,0.0,,18.0,"Anticipo $2,500 MXN no reembolsable. Liquidar 32 días antes. Comisionable 14%.",Activo
Krystal Grand Puerto Vallarta,Pre-compras 2026,2026-04-26,2026-04-30,Resort ROH,3500.0,2188.0,2042.0,,0.0,0.0,,20.0,"Anticipo $2,500 MXN no reembolsable. Liquidar 32 días antes. Comisionable 14%.",Activo
Krystal Grand Puerto Vallarta,Pre-compras 2026,2026-04-30,2026-05-03,Resort ROH,3500.0,2188.0,2042.0,,0.0,0.0,,11.0,"Anticipo $2,500 MXN no reembolsable. Liquidar 32 días antes. Comisionable 14%.",Activo
Krystal Grand Puerto Vallarta,Pre-compras 2026,2026-05-07,2026-05-10,Resort ROH,3500.0,2188.0,2042.0,,0.0,0.0,,14.0,"Anticipo $2,500 MXN no reembolsable. Liquidar 32 días antes. Comisionable 14%.",Activo
Krystal Grand Puerto Vallarta,Pre-compras 2026,2026-05-21,2026-05-24,Resort ROH,3500.0,2188.0,2042.0,,0.0,0.0,,20.0,"Anticipo $2,500 MXN no reembolsable. Liquidar 32 días antes. Comisionable 14%.",Activo
Krystal Grand Puerto Vallarta,Pre-compras 2026,2026-05-28,2026-05-31,Resort ROH,3500.0,2188.0,2042.0,,0.0,0.0,,11.0,"Anticipo $2,500 MXN no reembolsable. Liquidar 32 días antes. Comisionable 14%.",Activo
Krystal Grand Puerto Vallarta,Pre-compras 2026,2026-06-04,2026-06-07,Resort ROH,3500.0,2188.0,2042.0,,0.0,0.0,,20.0,"Anticipo $2,500 MXN no reembolsable. Liquidar 32 días antes. Comisionable 14%.",Activo
Krystal Grand Puerto Vallarta,Pre-compras 2026,2026-07-02,2026-07-05,Resort ROH,3500.0,2188.0,2042.0,,0.0,0.0,,6.0,"Anticipo $2,500 MXN no reembolsable. Liquidar 32 días antes. Comisionable 14%.",Activo
Krystal Grand Puerto Vallarta,Pre-compras 2026,2026-08-27,2026-08-30,Resort ROH,3500.0,2188.0,2042.0,,625.0,625.0,,11.0,"Anticipo $2,500 MXN no reembolsable. Liquidar 32 días antes. Comisionable 14%.",Activo
Krystal Grand Puerto Vallarta,Pre-compras 2026,2026-10-29,2026-11-01,Resort ROH,3500.0,2188.0,2042.0,,0.0,0.0,,11.0,"Anticipo $2,500 MXN no reembolsable. Liquidar 32 días antes. Comisionable 14%.",Activo
Krystal Grand Puerto Vallarta  (desayuno incluido),Pre-compras 2026,2026-04-23,2026-04-26,Resort ROH,3295.0,2059.0,1922.0,,GRATIS,GRATIS,na,5.0,"Precompra - Anticipo $2,500 MXN no reembolsable",Activo
Krystal Grand Puerto Vallarta  (desayuno incluido),Pre-compras 2026,2026-04-26,2026-04-30,Resort ROH,3295.0,1791.0,1922.0,,GRATIS,GRATIS,na,20.0,"Precompra - Anticipo $2,500 MXN no reembolsable",Activo
Krystal Grand Puerto Vallarta  (desayuno incluido),Pre-compras 2026,2026-04-30,2026-05-03,Resort ROH,3295.0,2059.0,1922.0,,GRATIS,GRATIS,na,1.0,"Precompra - Anticipo $2,500 MXN no reembolsable",Activo
Krystal Grand Puerto Vallarta (desayuno incluido),Pre-compras 2026,2026-04-19,2026-04-23,Resort ROH,3295.0,1802.0,1922.0,,GRATIS,GRATIS,na,16.0,"Precompra - Anticipo $2,500 MXN no reembolsable",Activo
Las Palmas by the Sea,Pre-compras 2026,2026-04-30,2026-05-03,Estándar,2884.81,1922.78,1826.58,,707.59,707.59,1213.92,16.0,"Anticipo $2,500 MXN no reembolsable. Liquidar 32 días antes. Comisionable 14%.",Activo
Las Palmas by the Sea,Pre-compras 2026,2026-06-25,2026-06-28,Estándar,2884.81,1922.78,1826.58,,707.59,707.59,1213.92,16.0,"Anticipo $2,500 MXN no reembolsable. Liquidar 32 días antes. Comisionable 14%.",Activo
Las Palmas by the Sea,Pre-compras 2026,2026-06-25,2026-06-28,Estándar ,2884.81,1922.78,1826.58,,707.59,707.59,1213.92,16.0,"Precompra - Anticipo $2,500 MXN no reembolsable",Activo
Las Palmas by the Sea,Pre-compras 2026,2026-07-30,2026-08-02,Estándar,3188.6,2125.31,2018.98,,808.86,808.86,1315.18,20.0,"Anticipo $2,500 MXN no reembolsable. Liquidar 32 días antes. Comisionable 14%.",Activo
Los Angeles Locos,Pre-compras 2026,2026-02-15,2026-02-19,Estandar,3637.0,1819.0,1819.0,,0.0,0.0,1200.0,7.0,"Anticipo $2,500 MXN no reembolsable. Liquidar 32 días antes. Comisionable 14%.",Activo
Moon Palace Cancun,Pre-compras 2026,2026-05-01,2026-05-04,Superior Deluxe Garden View,8148.0,4074.0,3772.33,,GRATIS,GRATIS,GRATIS,2.0,"Precompra - Anticipo $2,500 MXN no reembolsable",Activo
Nickelodeon Riviera Maya,Pre-compras 2026,2026-08-27,2026-08-30,Swim up oceanfront king,9617.0,6411.42,6197.71,,3205.71,3205.71,4808.57,17.0,"Anticipo $2,500 MXN no reembolsable. Liquidar 32 días antes. Comisionable 14%.",Activo
Nickelodeon Riviera Maya,Pre-compras 2026,2026-08-27,2026-08-30,Swim up oceanfront queen,9905.66,6603.76,6383.64,,3301.88,3301.88,4952.83,20.0,"Anticipo $2,500 MXN no reembolsable. Liquidar 32 días antes. Comisionable 14%.",Activo
Nickelodeon Riviera Maya,Pre-compras 2026,2026-09-17,2026-09-20,Swim up oceanfront king,8933.29,5956.0,5757.0,,2977.77,2977.77,4466.65,18.0,"Anticipo $2,500 MXN no reembolsable. Liquidar 32 días antes. Comisionable 14%.",Activo
Nickelodeon Riviera Maya,Pre-compras 2026,2026-09-17,2026-09-20,Swim up oceanfront queen,9036.56,6025.0,5824.0,,3012.18,3012.18,4518.29,20.0,"Anticipo $2,500 MXN no reembolsable. Liquidar 32 días antes. Comisionable 14%.",Activo
Nickelodeon Riviera Maya,Pre-compras 2026,2026-09-24,2026-09-27,Swim up oceanfront king,8933.29,5956.0,5757.0,,2977.77,2977.77,4466.65,20.0,"Anticipo $2,500 MXN no reembolsable. Liquidar 32 días antes. Comisionable 14%.",Activo
Nickelodeon Riviera Maya,Pre-compras 2026,2026-09-24,2026-09-27,Swim up oceanfront queen,9036.56,6025.0,5823.56,,3012.0,3012.0,4518.29,20.0,"Anticipo $2,500 MXN no reembolsable. Liquidar 32 días antes. Comisionable 14%.",Activo
Nickelodeon Riviera Maya,Pre-compras 2026,2026-10-30,2026-11-02,Swim up oceanfront king,9241.09,6160.73,5955.37,,3080.36,3080.36,4620.78,19.0,"Anticipo $2,500 MXN no reembolsable. Liquidar 32 días antes. Comisionable 14%.",Activo
Nickelodeon Riviera Maya,Pre-compras 2026,2026-10-30,2026-11-02,Swim up oceanfront queen,9353.77,6235.84,6027.98,,3117.92,3117.92,4676.88,20.0,"Anticipo $2,500 MXN no reembolsable. Liquidar 32 días antes. Comisionable 14%.",Activo
Nickelodeon Riviera Maya ,Pre-compras 2026,2026-08-27,2026-08-30,Swim up oceanfront king,9256.5,6171.0,5965.3,,3085.5,3085.5,4628.25,17.0,"Precompra - Anticipo $2,500 MXN no reembolsable",Activo
Nickelodeon Riviera Maya ,Pre-compras 2026,2026-08-27,2026-08-30,Swim up oceanfront queen,9534.2,6356.13,6144.25,,3178.06,3178.06,4767.1,20.0,"Precompra - Anticipo $2,500 MXN no reembolsable",Activo
Nickelodeon Riviera Maya ,Pre-compras 2026,2026-09-17,2026-09-20,Swim up oceanfront king,8933.29,5956.0,5757.0,,2977.77,2977.77,4466.65,18.0,"Precompra - Anticipo $2,500 MXN no reembolsable",Activo
Nickelodeon Riviera Maya ,Pre-compras 2026,2026-09-17,2026-09-20,Swim up oceanfront queen,9036.56,6025.0,5824.0,,3012.18,3012.18,4518.29,20.0,"Precompra - Anticipo $2,500 MXN no reembolsable",Activo
Nickelodeon Riviera Maya ,Pre-compras 2026,2026-09-24,2026-09-27,Swim up oceanfront king,8933.29,5956.0,5757.0,,2977.77,2977.77,4466.65,20.0,"Precompra - Anticipo $2,500 MXN no reembolsable",Activo
Nickelodeon Riviera Maya ,Pre-compras 2026,2026-09-24,2026-09-27,Swim up oceanfront queen,9036.56,6025.0,5823.56,,3012,3012,4518.29,20.0,"Precompra - Anticipo $2,500 MXN no reembolsable",Activo
Nickelodeon Riviera Maya ,Pre-compras 2026,2026-10-30,2026-11-02,Swim up oceanfront king,9241.09,6160.73,5955.37,,3080.36,3080.36,4620.78,19.0,"Precompra - Anticipo $2,500 MXN no reembolsable",Activo
Nickelodeon Riviera Maya ,Pre-compras 2026,2026-10-30,2026-11-02,Swim up oceanfront queen,9353.77,6235.84,6027.98,,3117.92,3117.92,4676.88,20.0,"Precompra - Anticipo $2,500 MXN no reembolsable",Activo
Ocean Riviera Paradise,Pre-compras 2026,2026-04-17,2026-04-19,Junior Suite,3463.0,2463.0,2422.0,,985.0,985.0,,9.0,"Anticipo $2,500 MXN no reembolsable. Liquidar 32 días antes. Comisionable 14%.",Activo
Ocean Riviera Paradise,Pre-compras 2026,2026-06-28,2026-06-30,Junior Suite,3906.0,2446.0,2363.0,,978,978,na,1.0,"Precompra - Anticipo $2,500 MXN no reembolsable",Activo
Ocean Riviera Paradise,Pre-compras 2026,2026-08-26,2026-08-29,Junior Suite,3783.0,2223.0,2186.0,,889.0,889.0,,15.0,"Anticipo $2,500 MXN no reembolsable. Liquidar 32 días antes. Comisionable 14%.",Activo
Ocean Riviera Paradise,Pre-compras 2026,2026-08-28,2026-08-30,Junior Suite,3783.0,2223.0,2186.0,,889.0,889.0,,8.0,"Anticipo $2,500 MXN no reembolsable. Liquidar 32 días antes. Comisionable 14%.",Activo
Ocean Riviera Paradise,Pre-compras 2026,2026-09-18,2026-09-20,Junior Suite,3783.0,2223.0,2186.0,,889.0,889.0,,13.0,"Anticipo $2,500 MXN no reembolsable. Liquidar 32 días antes. Comisionable 14%.",Activo
Ocean Riviera Paradise,Pre-compras 2026,2026-10-16,2026-10-18,Junior Suite,3783.0,2223.0,2186.0,,889.0,889.0,,16.0,"Anticipo $2,500 MXN no reembolsable. Liquidar 32 días antes. Comisionable 14%.",Activo
Ocean Riviera Paradise,Pre-compras 2026,2026-10-23,2026-10-25,Junior Suite,3783.0,2223.0,2186.0,,889,889,na,16.0,"Precompra - Anticipo $2,500 MXN no reembolsable",Activo
Ocean Riviera Paradise,Pre-compras 2026,2026-11-14,2026-11-16,Junior Suite,3744.0,2304.0,2266.0,,922.0,922.0,,16.0,"Anticipo $2,500 MXN no reembolsable. Liquidar 32 días antes. Comisionable 14%.",Activo
Ocean Riviera Paradise,Pre-compras 2026,2026-12-18,2026-12-20,Junior Suite,3744.0,2304.0,2266.0,,922.0,922.0,,15.0,"Anticipo $2,500 MXN no reembolsable. Liquidar 32 días antes. Comisionable 14%.",Activo
PARK ROYAL IXTAPA,Para Compartir,2026-02-22,2026-02-24,Estándar,3925.0,1963.0,1900.0,1900.0,695.0,,,,,Activo
PARK ROYAL IXTAPA,Para Compartir,2026-03-22,2026-03-24,Estándar,3900.0,1950.0,1888.0,1888.0,695.0,,,,,Activo
PARK ROYAL IXTAPA,Para Compartir,2026-04-17,2026-04-19,Estándar,4225.0,2113.0,2050.0,2050.0,781.0,,,,,Activo
PARK ROYAL IXTAPA,Para Compartir,2026-04-19,2026-04-21,Estándar,3825.0,1913.0,1850.0,1850.0,608.0,,,,,Activo
PARK ROYAL IXTAPA,Para Compartir,2026-04-26,2026-04-28,Estándar,3825.0,1913.0,1850.0,1850.0,608.0,,,,,Activo
Pueblo Bonito Emerald Bay Resort & Spa,Pre-compras 2026,2026-06-21,2026-06-24,Estandar,2966.0,1605.0,1559.0,,0.0,0.0,1289.0,5.0,"Anticipo $2,500 MXN no reembolsable. Liquidar 32 días antes. Comisionable 14%.",Activo
QUALTON IXTAPA,Para Compartir,2026-03-13,2026-03-15,Estándar,3198.0,1999.0,1899.0,,599.0,,,,,Activo
QUALTON IXTAPA,Para Compartir,2026-03-20,2026-03-22,Estándar,3198.0,1999.0,1899.0,,599.0,,,,,Activo
QUALTON IXTAPA,Para Compartir,2026-04-02,2026-04-05,Estándar,4398.0,2599.0,2499.0,,799.0,,,,,Activo
QUALTON IXTAPA,Para Compartir,2026-04-05,2026-04-07,Estándar,3198.0,1999.0,1899.0,,599.0,,,,,Activo
QUALTON IXTAPA,Para Compartir,2026-04-10,2026-04-12,Estándar,3998.0,2399.0,2299.0,,599.0,,,,,Activo
QUALTON IXTAPA,Para Compartir,2026-04-24,2026-04-26,Estándar,3198.0,1999.0,1899.0,,599.0,,,,,Activo
QUALTON IXTAPA,Para Compartir,2026-04-26,2026-04-28,Estándar,3198.0,1999.0,1899.0,,499.0,,,,,Activo
QUALTON IXTAPA,Para Compartir,2026-05-01,2026-05-03,Estándar,3398.0,2099.0,1999.0,,599.0,,,,,Activo
QUALTON IXTAPA,Para Compartir,2026-05-08,2026-05-10,Estándar,3398.0,2099.0,1999.0,,599.0,,,,,Activo
QUALTON IXTAPA,Para Compartir,2026-05-10,2026-05-12,Estándar,2598.0,1699.0,1599.0,,499.0,,,,,Activo
QUALTON IXTAPA,Para Compartir,2026-05-17,2026-05-19,Estándar,2598.0,1699.0,1599.0,,499.0,,,,,Activo
QUALTON IXTAPA,Para Compartir,2026-05-22,2026-05-24,Estándar,3398.0,2099.0,1999.0,,599.0,,,,,Activo
QUALTON IXTAPA,Para Compartir,2026-05-24,2026-05-26,Estándar,2598.0,1699.0,1599.0,,499.0,,,,,Activo
QUALTON IXTAPA,Para Compartir,2026-06-12,2026-06-14,Estándar,3198.0,1999.0,1899.0,,599.0,,,,,Activo
QUALTON IXTAPA,Para Compartir,2026-06-14,2026-06-16,Estándar,2398.0,1599.0,1499.0,,499.0,,,,,Activo
QUALTON IXTAPA,Para Compartir,2026-06-19,2026-06-21,Estándar,3198.0,1999.0,1899.0,,599.0,,,,,Activo
QUALTON IXTAPA,Para Compartir,2026-06-21,2026-06-23,Estándar,2598.0,1699.0,1599.0,,499.0,,,,,Activo
QUALTON IXTAPA,Para Compartir,2026-06-26,2026-06-28,Estándar,3198.0,1999.0,1899.0,,599.0,,,,,Activo
QUALTON IXTAPA,Para Compartir,2026-07-03,2026-07-05,Estándar,3198.0,1999.0,1899.0,,599.0,,,,,Activo
QUALTON IXTAPA,Para Compartir,2026-07-05,2026-07-07,Estándar,2398.0,1599.0,1499.0,,499.0,,,,,Activo
QUALTON IXTAPA,Para Compartir,2026-07-10,2026-07-12,Estándar,3198.0,1999.0,1899.0,,599.0,,,,,Activo
QUALTON IXTAPA,Para Compartir,2026-07-24,2026-07-26,Estándar,3998.0,2399.0,2299.0,,599.0,,,,,Activo
QUALTON IXTAPA,Para Compartir,2026-07-31,2026-08-02,Estándar,3998.0,2399.0,2299.0,,599.0,,,,,Activo
QUALTON IXTAPA,Para Compartir,2026-08-02,2026-08-04,Estándar,3098.0,1949.0,1849.0,,599.0,,,,,Activo
QUALTON IXTAPA,Para Compartir,2026-08-07,2026-08-09,Estándar,3898.0,2349.0,2249.0,,599.0,,,,,Activo
QUALTON IXTAPA,Para Compartir,2026-08-09,2026-08-11,Estándar,3098.0,1949.0,1849.0,,599.0,,,,,Activo
QUALTON IXTAPA,Para Compartir,2026-08-14,2026-08-16,Estándar,3898.0,2349.0,2249.0,,599.0,,,,,Activo
QUALTON IXTAPA,Para Compartir,2026-08-21,2026-08-23,Estándar,3698.0,2249.0,2149.0,,499.0,,,,,Activo
QUALTON IXTAPA,Para Compartir,2026-08-23,2026-08-25,Estándar,2698.0,1749.0,1649.0,,499.0,,,,,Activo
QUALTON IXTAPA,Para Compartir,2026-09-04,2026-09-06,Estándar,3198.0,1999.0,1899.0,,499.0,,,,,Activo
QUALTON IXTAPA,Para Compartir,2026-09-11,2026-09-13,Estándar,3198.0,1999.0,1899.0,,499.0,,,,,Activo
QUALTON IXTAPA,Para Compartir,2026-09-18,2026-09-20,Estándar,3198.0,1999.0,1899.0,,499.0,,,,,Activo
QUALTON IXTAPA,Para Compartir,2026-09-25,2026-09-27,Estándar,3198.0,1999.0,1899.0,,499.0,,,,,Activo
QUALTON IXTAPA,Para Compartir,2026-10-02,2026-10-04,Estándar,3098.0,1949.0,1849.0,,499.0,,,,,Activo
QUALTON IXTAPA,Para Compartir,2026-10-11,2026-10-13,Estándar,2598.0,1699.0,1599.0,,0.0,,,,,Activo
QUALTON IXTAPA,Para Compartir,2026-10-16,2026-10-18,Estándar,3098.0,1949.0,1849.0,,499.0,,,,,Activo
QUALTON IXTAPA,Para Compartir,2026-10-18,2026-10-20,Estándar,2598.0,1699.0,1599.0,,0.0,,,,,Activo
QUALTON IXTAPA,Para Compartir,2026-10-23,2026-10-25,Estándar,3098.0,1949.0,1849.0,,499.0,,,,,Activo
QUALTON IXTAPA,Para Compartir,2026-10-30,2026-11-01,Estándar,3098.0,1949.0,1849.0,,499.0,,,,,Activo
QUALTON IXTAPA,Para Compartir,2026-11-01,2026-11-03,Estándar,2398.0,1599.0,1499.0,,499.0,,,,,Activo
QUALTON IXTAPA,Para Compartir,2026-11-06,2026-11-08,Estándar,3198.0,1999.0,1899.0,,599.0,,,,,Activo
QUALTON IXTAPA,Para Compartir,2026-11-08,2026-11-10,Estándar,2398.0,1599.0,1499.0,,499.0,,,,,Activo
QUALTON IXTAPA,Para Compartir,2026-11-15,2026-11-17,Estándar,2398.0,1599.0,1499.0,,499.0,,,,,Activo
QUALTON IXTAPA,Para Compartir,2026-11-20,2026-11-22,Estándar,3198.0,1999.0,1899.0,,599.0,,,,,Activo
QUALTON IXTAPA,Para Compartir,2026-11-22,2026-11-24,Estándar,2598.0,1699.0,1599.0,,499.0,,,,,Activo
QUALTON IXTAPA,Para Compartir,2026-11-27,2026-11-29,Estándar,3198.0,1999.0,1899.0,,599.0,,,,,Activo
QUALTON IXTAPA,Para Compartir,2026-11-29,2026-12-01,Estándar,2398.0,1599.0,1499.0,,499.0,,,,,Activo
QUALTON IXTAPA,Para Compartir,2026-12-04,2026-12-06,Estándar,3198.0,1999.0,1899.0,,599.0,,,,,Activo
QUALTON IXTAPA,Para Compartir,2026-12-11,2026-12-13,Estándar,3198.0,1999.0,1899.0,,599.0,,,,,Activo
QUALTON IXTAPA,Para Compartir,2026-12-13,2026-12-15,Estándar,2398.0,1599.0,1499.0,,499.0,,,,,Activo
QUALTON IXTAPA,Para Compartir,2026-12-18,2026-12-20,Estándar,3398.0,2099.0,1999.0,,599.0,,,,,Activo
QUALTON IXTAPA,Para Compartir,2026-12-24,2026-12-27,Estándar,4398.0,2599.0,2499.0,,699.0,,,,,Activo
QUALTON IXTAPA,Para Compartir,2026-12-27,2026-12-30,Estándar,4398.0,2599.0,2499.0,,699.0,,,,,Activo
Riu Emerald Bay,Pre-compras 2026,2026-02-12,2026-02-15,Estandar,4132.0,2849.0,2612.0,,998.0,998.0,2137.0,7.0,"Anticipo $2,500 MXN no reembolsable. Liquidar 32 días antes. Comisionable 14%.",Activo
Riu Emerald Bay ,Pre-compras 2026,2026-02-12,2026-02-15,Estandar,4132.0,2849.0,2612.0,,998,998,2137,2.0,"Precompra - Anticipo $2,500 MXN no reembolsable",Activo
SUNSCAPE IXTAPA,Para Compartir,2026-02-15,2026-02-17,Estándar,3634.0,2423.0,2261.0,,263.0,,,,VISTA AL MAR / PAGO INMEDIATO,Activo
SUNSCAPE IXTAPA,Para Compartir,2026-02-20,2026-02-22,Estándar,4007.0,2670.0,1994.0,,925.0,,,,,Activo
SUNSCAPE IXTAPA,Para Compartir,2026-03-08,2026-03-10,Estándar,3634.0,2423.0,2261.0,,263.0,,,,VISTA AL MAR,Activo
SUNSCAPE IXTAPA,Para Compartir,2026-04-12,2026-04-14,Estándar,3634.0,2423.0,2261.0,,263.0,,,,VISTA AL MAR,Activo
SUNSCAPE IXTAPA,Para Compartir,2026-05-17,2026-05-19,Estándar,3634.0,2423.0,2261.0,,263.0,,,,VISTA AL MAR,Activo
SUNSCAPE IXTAPA,Para Compartir,2026-05-31,2026-06-02,Estándar,3634.0,2423.0,2261.0,,263.0,,,,VISTA AL MAR,Activo
SUNSCAPE IXTAPA,Para Compartir,2026-06-14,2026-06-16,Estándar,3634.0,2423.0,2261.0,,263.0,,,,VISTA AL MAR,Activo
SUNSCAPE IXTAPA,Para Compartir,2026-09-27,2026-09-29,Estándar,3516.0,2344.0,2188.0,,263.0,,,,VISTA AL MAR,Activo
SUNSCAPE IXTAPA,Para Compartir,2026-10-11,2026-10-13,Estándar,3516.0,2344.0,2188.0,,263.0,,,,VISTA AL MAR,Activo
SUNSCAPE IXTAPA,Para Compartir,2026-10-25,2026-10-27,Estándar,3516.0,2344.0,2188.0,,263.0,,,,VISTA AL MAR,Activo
SUNSCAPE IXTAPA,Para Compartir,2026-11-08,2026-11-10,Estándar,3806.0,2538.0,2368.0,,263.0,,,,VISTA AL MAR,Activo
SUNSCAPE IXTAPA,Para Compartir,2026-11-22,2026-11-24,Estándar,3806.0,2538.0,2368.0,,263.0,,,,VISTA AL MAR,Activo
SUNSCAPE IXTAPA,Para Compartir,2026-12-06,2026-12-08,Estándar,3806.0,2538.0,2368.0,,263.0,,,,VISTA AL MAR,Activo
The Grand At Moon Palace,Pre-compras 2026,2026-04-30,2026-05-03,Grand Deluxe Garden View,12788.0,6394.0,5920.66,,0.0,0.0,0.0,0.0,"Anticipo $2,500 MXN no reembolsable. Liquidar 32 días antes. Comisionable 14%.",Activo
Xcaret México,Xcaret,2026-04-30,2026-05-03,Suite Garden,15200.0,7600.0,,,,,2667.0,,Tarifa por persona por noche,Activo
Xcaret México,Xcaret,2026-05-14,2026-05-17,Suite Garden,15200.0,7600.0,,,,,2667.0,,Tarifa por persona por noche,Activo
Xcaret México,Xcaret,2026-06-25,2026-06-28,Suite Garden,15734.0,7867.0,,,,,2867.0,,Tarifa por persona por noche,Activo
Xcaret México,Xcaret,2026-06-28,2026-07-01,Suite Garden,15734.0,7867.0,,,,,2867.0,,Tarifa por persona por noche,Activo
Xcaret México,Xcaret,2026-10-01,2026-10-04,Suite Garden,15200.0,7600.0,,,,,2667.0,,Tarifa por persona por noche,Activo
Xcaret México,Xcaret,2026-10-09,2026-10-12,Suite Garden,15200.0,7600.0,,,,,2667.0,,Tarifa por persona por noche,Activo
Xcaret México,Xcaret,2026-10-19,2026-10-22,Suite Garden,15867.0,7934.0,,,,,2867.0,,Tarifa por persona por noche,Activo
